Actual,Predicted
 <=50K, <=50K
 <=50K, <=50K
 <=50K, <=50K
 <=50K, <=50K
 <=50K, <=50K
 <=50K, >50K
 >50K, >50K
 <=50K, <=50K
 >50K, >50K
 <=50K, <=50K
 <=50K, <=50K
 <=50K, <=50K
 <=50K, <=50K
 <=50K, >50K
 >50K, >50K
 >50K, >50K
 <=50K, <=50K
 >50K, >50K
 <=50K, <=50K
 <=50K, <=50K
 <=50K, <=50K
 <=50K, >50K
 <=50K, <=50K
 <=50K, <=50K
 <=50K, <=50K
 <=50K, >50K
 >50K, <=50K
 >50K, >50K
 <=50K, <=50K
 <=50K, <=50K
 <=50K, <=50K
 <=50K, <=50K
 <=50K, <=50K
 <=50K, <=50K
 <=50K, <=50K
 >50K, >50K
 >50K, >50K
 <=50K, <=50K
 <=50K, <=50K
 <=50K, <=50K
 <=50K, <=50K
 <=50K, <=50K
 <=50K, <=50K
 >50K, >50K
 <=50K, <=50K
 <=50K, <=50K
 <=50K, <=50K
 <=50K, <=50K
 <=50K, >50K
 <=50K, <=50K
 >50K, <=50K
 >50K, <=50K
 <=50K, <=50K
 <=50K, <=50K
 <=50K, <=50K
 <=50K, <=50K
 >50K, >50K
 <=50K, >50K
 <=50K, <=50K
 <=50K, <=50K
 <=50K, <=50K
 <=50K, >50K
 <=50K, <=50K
 <=50K, <=50K
 >50K, >50K
 <=50K, <=50K
 <=50K, <=50K
 <=50K, <=50K
 >50K, >50K
 <=50K, >50K
 <=50K, <=50K
 <=50K, <=50K
 <=50K, >50K
 <=50K, <=50K
 <=50K, >50K
 <=50K, >50K
 <=50K, <=50K
 >50K, >50K
 <=50K, <=50K
 >50K, >50K
 <=50K, <=50K
 <=50K, <=50K
 >50K, >50K
 <=50K, <=50K
 <=50K, <=50K
 <=50K, <=50K
 <=50K, <=50K
 <=50K, >50K
 <=50K, <=50K
 <=50K, <=50K
 <=50K, <=50K
 <=50K, <=50K
 <=50K, <=50K
 <=50K, <=50K
 <=50K, <=50K
 <=50K, <=50K
 <=50K, <=50K
 <=50K, <=50K
 <=50K, <=50K
 <=50K, <=50K
 <=50K, <=50K
 <=50K, <=50K
 >50K, >50K
 <=50K, >50K
 <=50K, <=50K
 >50K, <=50K
 <=50K, <=50K
 <=50K, <=50K
 <=50K, <=50K
 >50K, >50K
 <=50K, <=50K
 >50K, <=50K
 <=50K, <=50K
 >50K, >50K
 <=50K, >50K
 <=50K, <=50K
 <=50K, <=50K
 <=50K, <=50K
 <=50K, <=50K
 <=50K, <=50K
 >50K, <=50K
 <=50K, <=50K
 >50K, <=50K
 <=50K, >50K
 <=50K, <=50K
 <=50K, <=50K
 <=50K, <=50K
 <=50K, <=50K
 <=50K, <=50K
 <=50K, <=50K
 <=50K, <=50K
 <=50K, <=50K
 <=50K, <=50K
 <=50K, <=50K
 <=50K, <=50K
 <=50K, <=50K
 <=50K, <=50K
 >50K, <=50K
 <=50K, >50K
 <=50K, <=50K
 <=50K, <=50K
 <=50K, <=50K
 <=50K, <=50K
 <=50K, <=50K
 <=50K, <=50K
 <=50K, <=50K
 <=50K, <=50K
 >50K, <=50K
 <=50K, <=50K
 <=50K, <=50K
 >50K, <=50K
 <=50K, <=50K
 >50K, >50K
 >50K, >50K
 <=50K, <=50K
 <=50K, >50K
 <=50K, >50K
 <=50K, <=50K
 >50K, <=50K
 <=50K, <=50K
 >50K, <=50K
 <=50K, <=50K
 >50K, >50K
 <=50K, >50K
 <=50K, <=50K
 <=50K, <=50K
 <=50K, <=50K
 <=50K, >50K
 <=50K, <=50K
 >50K, >50K
 >50K, >50K
 <=50K, <=50K
 <=50K, <=50K
 <=50K, >50K
 >50K, >50K
 >50K, >50K
 <=50K, <=50K
 >50K, >50K
 <=50K, <=50K
 <=50K, <=50K
 <=50K, >50K
 <=50K, >50K
 <=50K, <=50K
 <=50K, <=50K
 >50K, >50K
 >50K, >50K
 <=50K, <=50K
 <=50K, <=50K
 <=50K, <=50K
 <=50K, <=50K
 <=50K, <=50K
 >50K, >50K
 <=50K, <=50K
 <=50K, <=50K
 <=50K, <=50K
 >50K, <=50K
 >50K, >50K
 <=50K, <=50K
 <=50K, <=50K
 <=50K, <=50K
 >50K, >50K
 >50K, <=50K
 <=50K, <=50K
 >50K, <=50K
 <=50K, <=50K
 <=50K, <=50K
 <=50K, <=50K
 <=50K, <=50K
 <=50K, <=50K
 >50K, >50K
 <=50K, <=50K
 <=50K, <=50K
 <=50K, <=50K
 >50K, >50K
 >50K, <=50K
 <=50K, <=50K
 <=50K, <=50K
 <=50K, <=50K
 <=50K, <=50K
 <=50K, >50K
 <=50K, >50K
 >50K, <=50K
 <=50K, <=50K
 <=50K, <=50K
 <=50K, <=50K
 <=50K, <=50K
 <=50K, >50K
 >50K, >50K
 <=50K, <=50K
 <=50K, <=50K
 >50K, >50K
 <=50K, <=50K
 >50K, >50K
 <=50K, <=50K
 >50K, <=50K
 <=50K, <=50K
 <=50K, <=50K
 <=50K, <=50K
 <=50K, >50K
 <=50K, <=50K
 >50K, <=50K
 >50K, <=50K
 <=50K, <=50K
 <=50K, >50K
 <=50K, <=50K
 <=50K, >50K
 <=50K, <=50K
 <=50K, <=50K
 >50K, <=50K
 <=50K, <=50K
 <=50K, <=50K
 <=50K, <=50K
 <=50K, >50K
 <=50K, <=50K
 <=50K, <=50K
 <=50K, >50K
 <=50K, <=50K
 <=50K, <=50K
 <=50K, <=50K
 <=50K, <=50K
 <=50K, <=50K
 <=50K, <=50K
 <=50K, <=50K
 <=50K, <=50K
 <=50K, <=50K
 <=50K, <=50K
 <=50K, <=50K
 <=50K, <=50K
 <=50K, <=50K
 >50K, >50K
 >50K, >50K
 <=50K, <=50K
 >50K, >50K
 <=50K, <=50K
 <=50K, <=50K
 >50K, >50K
 <=50K, >50K
 <=50K, <=50K
 <=50K, <=50K
 >50K, <=50K
 <=50K, >50K
 <=50K, <=50K
 <=50K, <=50K
 <=50K, <=50K
 <=50K, <=50K
 <=50K, <=50K
 <=50K, <=50K
 >50K, >50K
 <=50K, <=50K
 <=50K, <=50K
 <=50K, <=50K
 <=50K, <=50K
 <=50K, <=50K
 >50K, >50K
 <=50K, <=50K
 >50K, <=50K
 <=50K, <=50K
 <=50K, <=50K
 >50K, <=50K
 <=50K, <=50K
 >50K, <=50K
 <=50K, <=50K
 >50K, <=50K
 <=50K, <=50K
 <=50K, <=50K
 <=50K, <=50K
 <=50K, <=50K
 <=50K, <=50K
 <=50K, <=50K
 <=50K, >50K
 <=50K, <=50K
 <=50K, <=50K
 <=50K, >50K
 <=50K, >50K
 <=50K, <=50K
 <=50K, <=50K
 <=50K, <=50K
 >50K, >50K
 <=50K, <=50K
 >50K, >50K
 <=50K, <=50K
 <=50K, <=50K
 <=50K, <=50K
 >50K, <=50K
 <=50K, <=50K
 >50K, <=50K
 >50K, >50K
 <=50K, <=50K
 <=50K, <=50K
 <=50K, <=50K
 <=50K, >50K
 >50K, >50K
 <=50K, <=50K
 >50K, <=50K
 <=50K, <=50K
 <=50K, <=50K
 >50K, <=50K
 <=50K, >50K
 <=50K, <=50K
 <=50K, <=50K
 >50K, <=50K
 >50K, >50K
 <=50K, <=50K
 <=50K, <=50K
 <=50K, <=50K
 <=50K, <=50K
 <=50K, <=50K
 >50K, >50K
 >50K, <=50K
 >50K, >50K
 <=50K, <=50K
 <=50K, <=50K
 <=50K, <=50K
 <=50K, <=50K
 <=50K, <=50K
 <=50K, <=50K
 <=50K, <=50K
 <=50K, <=50K
 <=50K, <=50K
 <=50K, <=50K
 <=50K, <=50K
 >50K, >50K
 <=50K, <=50K
 <=50K, <=50K
 <=50K, >50K
 <=50K, <=50K
 <=50K, <=50K
 <=50K, <=50K
 >50K, <=50K
 <=50K, <=50K
 <=50K, >50K
 <=50K, <=50K
 <=50K, <=50K
 <=50K, <=50K
 <=50K, <=50K
 <=50K, >50K
 <=50K, <=50K
 <=50K, <=50K
 <=50K, <=50K
 >50K, <=50K
 <=50K, >50K
 >50K, >50K
 <=50K, <=50K
 <=50K, <=50K
 <=50K, <=50K
 <=50K, <=50K
 <=50K, <=50K
 <=50K, <=50K
 <=50K, >50K
 <=50K, >50K
 >50K, <=50K
 <=50K, <=50K
 >50K, >50K
 <=50K, <=50K
 >50K, <=50K
 <=50K, <=50K
 <=50K, >50K
 <=50K, <=50K
 <=50K, <=50K
 <=50K, <=50K
 <=50K, <=50K
 <=50K, <=50K
 <=50K, <=50K
 >50K, >50K
 <=50K, <=50K
 <=50K, <=50K
 <=50K, <=50K
 <=50K, <=50K
 <=50K, >50K
 <=50K, <=50K
 <=50K, >50K
 >50K, <=50K
 <=50K, >50K
 <=50K, >50K
 <=50K, <=50K
 <=50K, <=50K
 <=50K, <=50K
 <=50K, >50K
 <=50K, >50K
 <=50K, <=50K
 <=50K, <=50K
 >50K, <=50K
 <=50K, >50K
 <=50K, <=50K
 <=50K, <=50K
 <=50K, >50K
 >50K, <=50K
 <=50K, <=50K
 <=50K, <=50K
 >50K, <=50K
 <=50K, <=50K
 <=50K, >50K
 <=50K, >50K
 <=50K, <=50K
 <=50K, <=50K
 <=50K, <=50K
 <=50K, <=50K
 <=50K, <=50K
 <=50K, <=50K
 <=50K, <=50K
 <=50K, <=50K
 <=50K, <=50K
 <=50K, <=50K
 >50K, >50K
 <=50K, <=50K
 <=50K, <=50K
 <=50K, <=50K
 <=50K, <=50K
 <=50K, <=50K
 <=50K, <=50K
 >50K, <=50K
 <=50K, <=50K
 <=50K, <=50K
 <=50K, >50K
 <=50K, <=50K
 <=50K, <=50K
 >50K, >50K
 <=50K, >50K
 <=50K, <=50K
 <=50K, >50K
 <=50K, <=50K
 <=50K, <=50K
 >50K, <=50K
 <=50K, <=50K
 <=50K, <=50K
 <=50K, <=50K
 <=50K, <=50K
 <=50K, <=50K
 <=50K, <=50K
 <=50K, <=50K
 >50K, <=50K
 <=50K, <=50K
 <=50K, <=50K
 <=50K, <=50K
 >50K, >50K
 <=50K, <=50K
 <=50K, <=50K
 <=50K, <=50K
 >50K, >50K
 >50K, >50K
 <=50K, <=50K
 >50K, >50K
 <=50K, <=50K
 <=50K, <=50K
 <=50K, <=50K
 <=50K, <=50K
 <=50K, <=50K
 <=50K, <=50K
 <=50K, <=50K
 <=50K, <=50K
 <=50K, <=50K
 >50K, >50K
 <=50K, <=50K
 <=50K, <=50K
 <=50K, <=50K
 >50K, >50K
 >50K, >50K
 >50K, >50K
 <=50K, <=50K
 >50K, <=50K
 >50K, >50K
 <=50K, <=50K
 <=50K, <=50K
 <=50K, <=50K
 <=50K, <=50K
 <=50K, <=50K
 >50K, >50K
 <=50K, <=50K
 <=50K, >50K
 <=50K, >50K
 <=50K, <=50K
 <=50K, <=50K
 <=50K, <=50K
 >50K, >50K
 <=50K, <=50K
 <=50K, <=50K
 <=50K, <=50K
 <=50K, <=50K
 <=50K, <=50K
 >50K, <=50K
 <=50K, <=50K
 <=50K, <=50K
 <=50K, <=50K
 >50K, >50K
 <=50K, <=50K
 >50K, >50K
 <=50K, <=50K
 <=50K, >50K
 <=50K, <=50K
 <=50K, >50K
 <=50K, <=50K
 <=50K, <=50K
 <=50K, <=50K
 >50K, >50K
 <=50K, <=50K
 <=50K, >50K
 <=50K, <=50K
 <=50K, <=50K
 <=50K, >50K
 <=50K, >50K
 <=50K, <=50K
 >50K, <=50K
 <=50K, <=50K
 >50K, <=50K
 >50K, <=50K
 <=50K, <=50K
 >50K, >50K
 <=50K, <=50K
 <=50K, <=50K
 <=50K, <=50K
 <=50K, <=50K
 <=50K, <=50K
 <=50K, >50K
 <=50K, <=50K
 <=50K, <=50K
 <=50K, <=50K
 <=50K, <=50K
 <=50K, <=50K
 <=50K, <=50K
 <=50K, <=50K
 <=50K, <=50K
 >50K, <=50K
 <=50K, <=50K
 <=50K, <=50K
 >50K, >50K
 <=50K, <=50K
 <=50K, <=50K
 <=50K, <=50K
 <=50K, <=50K
 >50K, >50K
 <=50K, >50K
 <=50K, <=50K
 <=50K, <=50K
 <=50K, <=50K
 <=50K, <=50K
 <=50K, <=50K
 <=50K, <=50K
 <=50K, <=50K
 <=50K, >50K
 <=50K, <=50K
 <=50K, <=50K
 <=50K, <=50K
 >50K, <=50K
 <=50K, <=50K
 <=50K, <=50K
 <=50K, <=50K
 >50K, >50K
 <=50K, <=50K
 >50K, <=50K
 <=50K, >50K
 <=50K, >50K
 <=50K, <=50K
 <=50K, <=50K
 <=50K, <=50K
 >50K, <=50K
 <=50K, <=50K
 <=50K, <=50K
 <=50K, <=50K
 <=50K, <=50K
 <=50K, <=50K
 <=50K, <=50K
 <=50K, <=50K
 >50K, >50K
 <=50K, <=50K
 <=50K, <=50K
 >50K, >50K
 <=50K, <=50K
 >50K, <=50K
 <=50K, <=50K
 <=50K, <=50K
 <=50K, >50K
 <=50K, <=50K
 <=50K, <=50K
 >50K, >50K
 <=50K, <=50K
 <=50K, <=50K
 <=50K, <=50K
 >50K, <=50K
 <=50K, <=50K
 <=50K, <=50K
 <=50K, >50K
 <=50K, <=50K
 <=50K, <=50K
 <=50K, <=50K
 <=50K, <=50K
 >50K, >50K
 <=50K, <=50K
 <=50K, <=50K
 <=50K, <=50K
 <=50K, <=50K
 >50K, >50K
 <=50K, <=50K
 >50K, <=50K
 <=50K, <=50K
 >50K, >50K
 <=50K, <=50K
 <=50K, <=50K
 <=50K, <=50K
 <=50K, <=50K
 <=50K, <=50K
 <=50K, <=50K
 <=50K, <=50K
 <=50K, <=50K
 <=50K, <=50K
 <=50K, <=50K
 <=50K, <=50K
 <=50K, >50K
 >50K, >50K
 <=50K, <=50K
 <=50K, <=50K
 >50K, <=50K
 <=50K, <=50K
 >50K, >50K
 <=50K, <=50K
 >50K, >50K
 <=50K, >50K
 >50K, <=50K
 <=50K, <=50K
 >50K, >50K
 <=50K, <=50K
 <=50K, <=50K
 <=50K, <=50K
 <=50K, <=50K
 <=50K, <=50K
 <=50K, <=50K
 <=50K, <=50K
 <=50K, <=50K
 <=50K, <=50K
 <=50K, <=50K
 <=50K, >50K
 <=50K, <=50K
 <=50K, >50K
 >50K, <=50K
 <=50K, <=50K
 >50K, >50K
 <=50K, <=50K
 <=50K, <=50K
 <=50K, <=50K
 <=50K, <=50K
 >50K, <=50K
 <=50K, <=50K
 <=50K, <=50K
 <=50K, <=50K
 <=50K, <=50K
 <=50K, <=50K
 >50K, <=50K
 <=50K, <=50K
 <=50K, <=50K
 <=50K, <=50K
 <=50K, <=50K
 <=50K, <=50K
 <=50K, <=50K
 <=50K, <=50K
 <=50K, <=50K
 >50K, <=50K
 <=50K, <=50K
 <=50K, <=50K
 >50K, >50K
 <=50K, <=50K
 <=50K, <=50K
 <=50K, <=50K
 <=50K, <=50K
 <=50K, <=50K
 >50K, <=50K
 <=50K, <=50K
 <=50K, <=50K
 <=50K, <=50K
 >50K, <=50K
 <=50K, <=50K
 <=50K, <=50K
 >50K, >50K
 >50K, <=50K
 >50K, >50K
 <=50K, <=50K
 <=50K, <=50K
 >50K, >50K
 <=50K, <=50K
 <=50K, <=50K
 <=50K, <=50K
 <=50K, >50K
 >50K, <=50K
 <=50K, <=50K
 <=50K, <=50K
 <=50K, <=50K
 <=50K, <=50K
 <=50K, <=50K
 >50K, >50K
 <=50K, <=50K
 >50K, <=50K
 <=50K, <=50K
 <=50K, <=50K
 >50K, >50K
 <=50K, <=50K
 <=50K, <=50K
 >50K, <=50K
 >50K, >50K
 <=50K, <=50K
 <=50K, <=50K
 <=50K, <=50K
 <=50K, <=50K
 <=50K, <=50K
 <=50K, <=50K
 >50K, >50K
 <=50K, <=50K
 <=50K, <=50K
 <=50K, <=50K
 >50K, >50K
 >50K, <=50K
 <=50K, >50K
 <=50K, <=50K
 >50K, <=50K
 <=50K, >50K
 <=50K, <=50K
 >50K, <=50K
 >50K, <=50K
 <=50K, <=50K
 >50K, <=50K
 <=50K, <=50K
 <=50K, <=50K
 <=50K, <=50K
 <=50K, <=50K
 <=50K, <=50K
 >50K, <=50K
 <=50K, <=50K
 >50K, >50K
 <=50K, <=50K
 <=50K, <=50K
 <=50K, <=50K
 >50K, >50K
 >50K, <=50K
 <=50K, >50K
 <=50K, <=50K
 >50K, <=50K
 <=50K, <=50K
 >50K, <=50K
 <=50K, <=50K
 <=50K, >50K
 <=50K, <=50K
 <=50K, <=50K
 <=50K, <=50K
 <=50K, >50K
 <=50K, <=50K
 <=50K, <=50K
 <=50K, <=50K
 <=50K, <=50K
 <=50K, >50K
 <=50K, <=50K
 <=50K, >50K
 <=50K, >50K
 <=50K, <=50K
 <=50K, <=50K
 <=50K, <=50K
 >50K, >50K
 <=50K, <=50K
 >50K, >50K
 <=50K, <=50K
 <=50K, <=50K
 <=50K, <=50K
 <=50K, <=50K
 <=50K, <=50K
 <=50K, <=50K
 >50K, >50K
 >50K, >50K
 >50K, <=50K
 <=50K, <=50K
 <=50K, <=50K
 <=50K, <=50K
 <=50K, >50K
 <=50K, <=50K
 <=50K, <=50K
 <=50K, <=50K
 >50K, <=50K
 <=50K, <=50K
 <=50K, <=50K
 <=50K, <=50K
 <=50K, <=50K
 >50K, >50K
 <=50K, <=50K
 <=50K, <=50K
 <=50K, <=50K
 <=50K, <=50K
 <=50K, <=50K
 <=50K, <=50K
 <=50K, <=50K
 <=50K, <=50K
 <=50K, <=50K
 <=50K, <=50K
 <=50K, <=50K
 <=50K, <=50K
 <=50K, <=50K
 <=50K, <=50K
 <=50K, <=50K
 <=50K, <=50K
 <=50K, <=50K
 >50K, <=50K
 <=50K, <=50K
 >50K, <=50K
 <=50K, <=50K
 <=50K, <=50K
 <=50K, >50K
 <=50K, >50K
 <=50K, <=50K
 <=50K, <=50K
 >50K, <=50K
 >50K, >50K
 >50K, >50K
 <=50K, <=50K
 <=50K, <=50K
 <=50K, <=50K
 <=50K, <=50K
 >50K, >50K
 <=50K, <=50K
 <=50K, <=50K
 <=50K, <=50K
 >50K, <=50K
 >50K, >50K
 <=50K, >50K
 <=50K, <=50K
 <=50K, <=50K
 <=50K, <=50K
 <=50K, <=50K
 <=50K, <=50K
 >50K, >50K
 <=50K, <=50K
 <=50K, <=50K
 <=50K, <=50K
 <=50K, <=50K
 <=50K, <=50K
 >50K, >50K
 >50K, >50K
 >50K, <=50K
 <=50K, <=50K
 >50K, >50K
 >50K, >50K
 <=50K, <=50K
 >50K, <=50K
 <=50K, <=50K
 >50K, <=50K
 <=50K, <=50K
 <=50K, <=50K
 >50K, >50K
 <=50K, <=50K
 >50K, >50K
 <=50K, <=50K
 >50K, >50K
 <=50K, <=50K
 <=50K, <=50K
 <=50K, <=50K
 <=50K, <=50K
 <=50K, <=50K
 <=50K, <=50K
 <=50K, >50K
 <=50K, <=50K
 >50K, >50K
 >50K, <=50K
 >50K, <=50K
 <=50K, >50K
 <=50K, <=50K
 <=50K, <=50K
 >50K, >50K
 <=50K, <=50K
 <=50K, >50K
 <=50K, <=50K
 >50K, <=50K
 >50K, <=50K
 <=50K, >50K
 <=50K, <=50K
 <=50K, <=50K
 <=50K, <=50K
 <=50K, <=50K
 <=50K, <=50K
 <=50K, <=50K
 <=50K, <=50K
 <=50K, <=50K
 <=50K, <=50K
 <=50K, <=50K
 <=50K, >50K
 >50K, >50K
 <=50K, <=50K
 <=50K, >50K
 <=50K, <=50K
 >50K, >50K
 <=50K, >50K
 <=50K, <=50K
 >50K, >50K
 >50K, >50K
 <=50K, <=50K
 <=50K, <=50K
 >50K, <=50K
 <=50K, <=50K
 <=50K, <=50K
 <=50K, <=50K
 <=50K, <=50K
 <=50K, <=50K
 >50K, >50K
 <=50K, <=50K
 <=50K, <=50K
 <=50K, <=50K
 <=50K, <=50K
 >50K, >50K
 <=50K, <=50K
 >50K, <=50K
 <=50K, >50K
 >50K, <=50K
 >50K, <=50K
 <=50K, <=50K
 >50K, >50K
 >50K, >50K
 <=50K, <=50K
 >50K, <=50K
 <=50K, <=50K
 <=50K, >50K
 >50K, >50K
 >50K, >50K
 <=50K, <=50K
 <=50K, <=50K
 <=50K, <=50K
 >50K, >50K
 <=50K, <=50K
 <=50K, <=50K
 >50K, <=50K
 <=50K, <=50K
 <=50K, <=50K
 <=50K, <=50K
 <=50K, <=50K
 >50K, <=50K
 >50K, <=50K
 >50K, <=50K
 <=50K, <=50K
 >50K, >50K
 <=50K, <=50K
 <=50K, <=50K
 <=50K, <=50K
 >50K, <=50K
 >50K, >50K
 <=50K, <=50K
 >50K, <=50K
 <=50K, <=50K
 <=50K, <=50K
 <=50K, <=50K
 <=50K, <=50K
 <=50K, <=50K
 <=50K, <=50K
 >50K, >50K
 <=50K, <=50K
 <=50K, <=50K
 <=50K, >50K
 <=50K, <=50K
 <=50K, <=50K
 <=50K, <=50K
 <=50K, <=50K
 <=50K, <=50K
 <=50K, <=50K
 <=50K, <=50K
 >50K, <=50K
 >50K, >50K
 <=50K, <=50K
 <=50K, >50K
 <=50K, <=50K
 <=50K, >50K
 >50K, <=50K
 <=50K, <=50K
 <=50K, <=50K
 <=50K, <=50K
 <=50K, <=50K
 <=50K, >50K
 >50K, <=50K
 <=50K, >50K
 >50K, >50K
 <=50K, <=50K
 <=50K, <=50K
 >50K, <=50K
 <=50K, >50K
 <=50K, <=50K
 <=50K, <=50K
 <=50K, <=50K
 >50K, >50K
 <=50K, <=50K
 <=50K, <=50K
 <=50K, <=50K
 >50K, <=50K
 <=50K, <=50K
 <=50K, <=50K
 <=50K, >50K
 <=50K, <=50K
 <=50K, <=50K
 <=50K, <=50K
 <=50K, <=50K
 <=50K, <=50K
 >50K, >50K
 <=50K, <=50K
 <=50K, <=50K
 <=50K, <=50K
 <=50K, >50K
 <=50K, <=50K
 >50K, <=50K
 >50K, <=50K
 <=50K, <=50K
 <=50K, <=50K
 <=50K, <=50K
 <=50K, <=50K
 >50K, >50K
 <=50K, <=50K
 <=50K, <=50K
 >50K, <=50K
 >50K, <=50K
 >50K, <=50K
 <=50K, >50K
 >50K, >50K
 >50K, <=50K
 >50K, <=50K
 <=50K, <=50K
 <=50K, <=50K
 <=50K, <=50K
 <=50K, <=50K
 >50K, >50K
 <=50K, <=50K
 <=50K, <=50K
 <=50K, <=50K
 <=50K, <=50K
 <=50K, >50K
 <=50K, <=50K
 <=50K, <=50K
 <=50K, >50K
 >50K, <=50K
 <=50K, <=50K
 <=50K, <=50K
 <=50K, <=50K
 <=50K, <=50K
 <=50K, <=50K
 <=50K, <=50K
 <=50K, <=50K
 <=50K, <=50K
 <=50K, <=50K
 <=50K, <=50K
 <=50K, <=50K
 >50K, >50K
 <=50K, <=50K
 <=50K, <=50K
 <=50K, >50K
 <=50K, <=50K
 <=50K, <=50K
 >50K, <=50K
 <=50K, <=50K
 <=50K, <=50K
 <=50K, <=50K
 <=50K, <=50K
 <=50K, <=50K
 <=50K, <=50K
 >50K, >50K
 <=50K, <=50K
 <=50K, <=50K
 <=50K, <=50K
 <=50K, <=50K
 <=50K, <=50K
 >50K, >50K
 <=50K, <=50K
 <=50K, >50K
 >50K, >50K
 <=50K, >50K
 <=50K, <=50K
 <=50K, <=50K
 <=50K, <=50K
 <=50K, <=50K
 <=50K, >50K
 <=50K, <=50K
 <=50K, <=50K
 <=50K, <=50K
 <=50K, <=50K
 <=50K, <=50K
 <=50K, <=50K
 >50K, >50K
 <=50K, <=50K
 <=50K, <=50K
 <=50K, <=50K
 >50K, >50K
 >50K, >50K
 <=50K, <=50K
 <=50K, <=50K
 <=50K, <=50K
 <=50K, <=50K
 <=50K, <=50K
 >50K, <=50K
 <=50K, <=50K
 <=50K, <=50K
 >50K, <=50K
 <=50K, <=50K
 <=50K, <=50K
 <=50K, <=50K
 >50K, <=50K
 <=50K, <=50K
 <=50K, <=50K
 <=50K, <=50K
 <=50K, <=50K
 >50K, <=50K
 <=50K, <=50K
 >50K, <=50K
 <=50K, <=50K
 <=50K, <=50K
 <=50K, <=50K
 <=50K, <=50K
 >50K, <=50K
 <=50K, <=50K
 >50K, >50K
 <=50K, <=50K
 >50K, >50K
 <=50K, <=50K
 <=50K, <=50K
 <=50K, <=50K
 <=50K, <=50K
 <=50K, <=50K
 <=50K, >50K
 <=50K, <=50K
 <=50K, <=50K
 >50K, >50K
 >50K, >50K
 <=50K, >50K
 <=50K, <=50K
 >50K, >50K
 <=50K, <=50K
 <=50K, <=50K
 <=50K, <=50K
 <=50K, <=50K
 <=50K, <=50K
 <=50K, <=50K
 <=50K, <=50K
 >50K, <=50K
 <=50K, >50K
 <=50K, >50K
 <=50K, <=50K
 >50K, >50K
 <=50K, <=50K
 <=50K, <=50K
 >50K, <=50K
 <=50K, <=50K
 >50K, >50K
 <=50K, <=50K
 <=50K, <=50K
 >50K, >50K
 >50K, >50K
 <=50K, <=50K
 <=50K, <=50K
 <=50K, <=50K
 >50K, <=50K
 >50K, >50K
 >50K, <=50K
 <=50K, <=50K
 <=50K, <=50K
 <=50K, <=50K
 <=50K, <=50K
 >50K, <=50K
 <=50K, <=50K
 <=50K, <=50K
 <=50K, <=50K
 <=50K, <=50K
 <=50K, <=50K
 <=50K, <=50K
 <=50K, >50K
 <=50K, <=50K
 <=50K, <=50K
 <=50K, <=50K
 <=50K, >50K
 <=50K, <=50K
 <=50K, <=50K
 <=50K, <=50K
 <=50K, <=50K
 <=50K, <=50K
 <=50K, <=50K
 >50K, >50K
 <=50K, <=50K
 >50K, >50K
 <=50K, <=50K
 >50K, >50K
 >50K, <=50K
 <=50K, >50K
 <=50K, >50K
 >50K, <=50K
 <=50K, <=50K
 <=50K, <=50K
 >50K, <=50K
 <=50K, <=50K
 >50K, <=50K
 >50K, >50K
 <=50K, >50K
 <=50K, <=50K
 <=50K, <=50K
 <=50K, >50K
 >50K, >50K
 <=50K, <=50K
 <=50K, <=50K
 <=50K, <=50K
 <=50K, <=50K
 >50K, >50K
 <=50K, <=50K
 >50K, >50K
 <=50K, <=50K
 >50K, <=50K
 <=50K, >50K
 <=50K, <=50K
 <=50K, <=50K
 >50K, >50K
 >50K, <=50K
 <=50K, <=50K
 >50K, >50K
 <=50K, <=50K
 <=50K, <=50K
 <=50K, <=50K
 >50K, <=50K
 <=50K, <=50K
 <=50K, <=50K
 <=50K, <=50K
 >50K, >50K
 <=50K, <=50K
 <=50K, <=50K
 >50K, >50K
 <=50K, <=50K
 <=50K, <=50K
 <=50K, <=50K
 <=50K, >50K
 >50K, >50K
 <=50K, <=50K
 <=50K, <=50K
 >50K, >50K
 >50K, <=50K
 <=50K, <=50K
 <=50K, <=50K
 <=50K, <=50K
 <=50K, <=50K
 <=50K, <=50K
 <=50K, <=50K
 <=50K, <=50K
 <=50K, <=50K
 <=50K, <=50K
 >50K, >50K
 <=50K, <=50K
 >50K, >50K
 <=50K, <=50K
 <=50K, <=50K
 <=50K, <=50K
 <=50K, <=50K
 <=50K, <=50K
 <=50K, <=50K
 <=50K, <=50K
 >50K, <=50K
 <=50K, <=50K
 <=50K, <=50K
 <=50K, <=50K
 <=50K, >50K
 <=50K, <=50K
 <=50K, <=50K
 <=50K, <=50K
 <=50K, <=50K
 <=50K, <=50K
 <=50K, <=50K
 <=50K, <=50K
 <=50K, <=50K
 <=50K, <=50K
 <=50K, <=50K
 <=50K, <=50K
 <=50K, <=50K
 <=50K, <=50K
 <=50K, <=50K
 <=50K, <=50K
 <=50K, <=50K
 <=50K, <=50K
 <=50K, <=50K
 <=50K, >50K
 <=50K, <=50K
 >50K, <=50K
 <=50K, <=50K
 <=50K, <=50K
 >50K, >50K
 >50K, <=50K
 <=50K, >50K
 <=50K, <=50K
 <=50K, <=50K
 <=50K, <=50K
 <=50K, <=50K
 <=50K, <=50K
 <=50K, <=50K
 <=50K, <=50K
 <=50K, <=50K
 >50K, >50K
 <=50K, <=50K
 <=50K, <=50K
 <=50K, <=50K
 <=50K, <=50K
 <=50K, <=50K
 >50K, <=50K
 <=50K, <=50K
 <=50K, <=50K
 <=50K, <=50K
 >50K, >50K
 <=50K, <=50K
 <=50K, <=50K
 <=50K, <=50K
 <=50K, <=50K
 <=50K, >50K
 <=50K, <=50K
 >50K, >50K
 >50K, >50K
 <=50K, <=50K
 <=50K, <=50K
 >50K, >50K
 <=50K, <=50K
 <=50K, <=50K
 >50K, <=50K
 <=50K, <=50K
 <=50K, <=50K
 >50K, <=50K
 >50K, >50K
 <=50K, <=50K
 <=50K, <=50K
 >50K, <=50K
 <=50K, >50K
 <=50K, <=50K
 <=50K, <=50K
 <=50K, <=50K
 <=50K, >50K
 <=50K, >50K
 <=50K, <=50K
 <=50K, <=50K
 <=50K, <=50K
 <=50K, <=50K
 <=50K, <=50K
 <=50K, >50K
 <=50K, <=50K
 >50K, <=50K
 <=50K, <=50K
 <=50K, <=50K
 <=50K, <=50K
 >50K, >50K
 <=50K, <=50K
 <=50K, >50K
 >50K, >50K
 <=50K, <=50K
 <=50K, <=50K
 <=50K, <=50K
 <=50K, <=50K
 <=50K, <=50K
 <=50K, <=50K
 >50K, <=50K
 <=50K, <=50K
 <=50K, <=50K
 >50K, <=50K
 <=50K, <=50K
 <=50K, <=50K
 >50K, <=50K
 <=50K, <=50K
 <=50K, <=50K
 >50K, <=50K
 <=50K, <=50K
 <=50K, <=50K
 >50K, <=50K
 <=50K, <=50K
 <=50K, <=50K
 <=50K, >50K
 <=50K, <=50K
 <=50K, <=50K
 >50K, <=50K
 <=50K, >50K
 <=50K, <=50K
 <=50K, <=50K
 <=50K, <=50K
 >50K, >50K
 <=50K, <=50K
 <=50K, <=50K
 <=50K, <=50K
 <=50K, >50K
 <=50K, <=50K
 >50K, >50K
 <=50K, <=50K
 >50K, <=50K
 <=50K, <=50K
 <=50K, <=50K
 <=50K, <=50K
 <=50K, >50K
 <=50K, <=50K
 <=50K, <=50K
 <=50K, >50K
 >50K, <=50K
 >50K, >50K
 >50K, <=50K
 >50K, <=50K
 <=50K, <=50K
 <=50K, <=50K
 <=50K, >50K
 <=50K, <=50K
 <=50K, <=50K
 <=50K, <=50K
 >50K, <=50K
 >50K, >50K
 <=50K, <=50K
 >50K, >50K
 >50K, >50K
 >50K, >50K
 >50K, >50K
 <=50K, <=50K
 <=50K, <=50K
 <=50K, <=50K
 <=50K, <=50K
 <=50K, <=50K
 >50K, >50K
 <=50K, <=50K
 <=50K, >50K
 <=50K, <=50K
 <=50K, <=50K
 >50K, <=50K
 <=50K, <=50K
 <=50K, <=50K
 >50K, <=50K
 <=50K, <=50K
 <=50K, <=50K
 <=50K, <=50K
 >50K, >50K
 <=50K, >50K
 <=50K, <=50K
 <=50K, >50K
 <=50K, <=50K
 <=50K, <=50K
 >50K, >50K
 <=50K, <=50K
 <=50K, <=50K
 <=50K, <=50K
 <=50K, <=50K
 >50K, >50K
 >50K, <=50K
 <=50K, <=50K
 <=50K, <=50K
 >50K, >50K
 <=50K, <=50K
 <=50K, >50K
 <=50K, <=50K
 >50K, >50K
 <=50K, <=50K
 <=50K, >50K
 <=50K, <=50K
 <=50K, <=50K
 <=50K, >50K
 <=50K, <=50K
 >50K, >50K
 <=50K, <=50K
 <=50K, <=50K
 <=50K, <=50K
 <=50K, <=50K
 <=50K, <=50K
 <=50K, <=50K
 >50K, >50K
 <=50K, <=50K
 <=50K, <=50K
 <=50K, <=50K
 <=50K, <=50K
 <=50K, <=50K
 <=50K, <=50K
 >50K, >50K
 <=50K, <=50K
 <=50K, <=50K
 >50K, >50K
 <=50K, <=50K
 <=50K, >50K
 <=50K, <=50K
 <=50K, <=50K
 <=50K, <=50K
 <=50K, >50K
 <=50K, >50K
 <=50K, <=50K
 >50K, >50K
 <=50K, >50K
 >50K, <=50K
 <=50K, <=50K
 <=50K, <=50K
 <=50K, <=50K
 >50K, >50K
 >50K, >50K
 <=50K, >50K
 <=50K, <=50K
 <=50K, <=50K
 <=50K, <=50K
 <=50K, <=50K
 >50K, >50K
 >50K, >50K
 >50K, <=50K
 >50K, >50K
 >50K, >50K
 <=50K, <=50K
 <=50K, <=50K
 >50K, >50K
 >50K, >50K
 <=50K, <=50K
 >50K, >50K
 <=50K, <=50K
 >50K, >50K
 <=50K, <=50K
 <=50K, >50K
 <=50K, <=50K
 <=50K, <=50K
 <=50K, <=50K
 <=50K, <=50K
 >50K, <=50K
 <=50K, <=50K
 <=50K, <=50K
 <=50K, <=50K
 <=50K, <=50K
 <=50K, <=50K
 <=50K, <=50K
 <=50K, <=50K
 <=50K, <=50K
 <=50K, >50K
 <=50K, <=50K
 <=50K, <=50K
 <=50K, <=50K
 <=50K, <=50K
 <=50K, >50K
 >50K, <=50K
 <=50K, <=50K
 <=50K, <=50K
 <=50K, <=50K
 <=50K, <=50K
 <=50K, <=50K
 <=50K, <=50K
 >50K, <=50K
 <=50K, >50K
 <=50K, <=50K
 <=50K, <=50K
 <=50K, <=50K
 <=50K, >50K
 <=50K, <=50K
 >50K, <=50K
 <=50K, <=50K
 <=50K, <=50K
 <=50K, <=50K
 <=50K, <=50K
 <=50K, <=50K
 <=50K, <=50K
 <=50K, <=50K
 <=50K, <=50K
 <=50K, <=50K
 <=50K, <=50K
 <=50K, <=50K
 <=50K, <=50K
 >50K, <=50K
 <=50K, <=50K
 <=50K, <=50K
 <=50K, <=50K
 <=50K, <=50K
 <=50K, <=50K
 <=50K, <=50K
 <=50K, <=50K
 <=50K, <=50K
 <=50K, <=50K
 <=50K, >50K
 >50K, >50K
 <=50K, <=50K
 >50K, <=50K
 >50K, >50K
 <=50K, >50K
 <=50K, <=50K
 <=50K, <=50K
 <=50K, <=50K
 <=50K, <=50K
 <=50K, <=50K
 >50K, <=50K
 <=50K, <=50K
 <=50K, <=50K
 >50K, <=50K
 <=50K, <=50K
 <=50K, <=50K
 <=50K, <=50K
 >50K, <=50K
 <=50K, <=50K
 >50K, <=50K
 <=50K, <=50K
 <=50K, <=50K
 <=50K, <=50K
 >50K, <=50K
 <=50K, <=50K
 <=50K, <=50K
 <=50K, <=50K
 >50K, >50K
 <=50K, >50K
 >50K, >50K
 <=50K, <=50K
 <=50K, <=50K
 <=50K, <=50K
 <=50K, <=50K
 <=50K, <=50K
 <=50K, <=50K
 <=50K, <=50K
 <=50K, >50K
 <=50K, <=50K
 <=50K, <=50K
 <=50K, <=50K
 >50K, >50K
 <=50K, <=50K
 <=50K, >50K
 <=50K, <=50K
 <=50K, <=50K
 <=50K, <=50K
 <=50K, <=50K
 >50K, <=50K
 <=50K, <=50K
 <=50K, <=50K
 <=50K, <=50K
 <=50K, <=50K
 <=50K, <=50K
 <=50K, <=50K
 >50K, >50K
 <=50K, <=50K
 <=50K, <=50K
 <=50K, <=50K
 <=50K, <=50K
 <=50K, <=50K
 <=50K, <=50K
 >50K, >50K
 <=50K, <=50K
 <=50K, <=50K
 <=50K, <=50K
 >50K, <=50K
 <=50K, <=50K
 <=50K, <=50K
 >50K, <=50K
 <=50K, <=50K
 <=50K, <=50K
 <=50K, <=50K
 <=50K, <=50K
 <=50K, <=50K
 >50K, >50K
 >50K, <=50K
 <=50K, <=50K
 <=50K, <=50K
 <=50K, <=50K
 <=50K, <=50K
 <=50K, <=50K
 <=50K, <=50K
 >50K, >50K
 >50K, <=50K
 <=50K, <=50K
 <=50K, <=50K
 >50K, >50K
 <=50K, <=50K
 >50K, <=50K
 <=50K, <=50K
 <=50K, <=50K
 <=50K, <=50K
 <=50K, >50K
 <=50K, <=50K
 <=50K, >50K
 >50K, >50K
 <=50K, <=50K
 >50K, <=50K
 <=50K, <=50K
 <=50K, <=50K
 <=50K, <=50K
 <=50K, <=50K
 <=50K, <=50K
 <=50K, <=50K
 <=50K, <=50K
 <=50K, <=50K
 >50K, >50K
 >50K, <=50K
 <=50K, >50K
 >50K, >50K
 >50K, <=50K
 <=50K, >50K
 <=50K, <=50K
 >50K, >50K
 <=50K, >50K
 <=50K, <=50K
 <=50K, >50K
 >50K, <=50K
 >50K, <=50K
 <=50K, <=50K
 <=50K, <=50K
 <=50K, <=50K
 >50K, >50K
 <=50K, >50K
 <=50K, <=50K
 <=50K, <=50K
 >50K, >50K
 >50K, <=50K
 <=50K, <=50K
 <=50K, <=50K
 <=50K, <=50K
 <=50K, <=50K
 <=50K, <=50K
 >50K, >50K
 >50K, >50K
 <=50K, <=50K
 <=50K, <=50K
 <=50K, <=50K
 >50K, <=50K
 <=50K, <=50K
 <=50K, <=50K
 <=50K, >50K
 <=50K, <=50K
 <=50K, >50K
 <=50K, <=50K
 <=50K, <=50K
 <=50K, <=50K
 <=50K, <=50K
 >50K, <=50K
 <=50K, <=50K
 >50K, <=50K
 <=50K, <=50K
 <=50K, <=50K
 <=50K, <=50K
 <=50K, <=50K
 <=50K, <=50K
 <=50K, <=50K
 <=50K, <=50K
 <=50K, <=50K
 <=50K, <=50K
 >50K, <=50K
 <=50K, <=50K
 >50K, >50K
 >50K, <=50K
 <=50K, <=50K
 <=50K, >50K
 <=50K, <=50K
 >50K, <=50K
 <=50K, <=50K
 <=50K, <=50K
 <=50K, <=50K
 <=50K, >50K
 <=50K, <=50K
 <=50K, <=50K
 <=50K, <=50K
 <=50K, <=50K
 <=50K, <=50K
 <=50K, <=50K
 >50K, >50K
 <=50K, <=50K
 <=50K, <=50K
 <=50K, <=50K
 >50K, <=50K
 <=50K, <=50K
 <=50K, <=50K
 <=50K, <=50K
 <=50K, <=50K
 <=50K, <=50K
 <=50K, <=50K
 <=50K, <=50K
 <=50K, <=50K
 <=50K, <=50K
 <=50K, <=50K
 <=50K, >50K
 <=50K, <=50K
 <=50K, <=50K
 <=50K, <=50K
 <=50K, <=50K
 <=50K, >50K
 >50K, <=50K
 <=50K, <=50K
 <=50K, <=50K
 <=50K, >50K
 <=50K, <=50K
 <=50K, <=50K
 <=50K, <=50K
 <=50K, <=50K
 <=50K, <=50K
 <=50K, <=50K
 <=50K, <=50K
 <=50K, <=50K
 <=50K, <=50K
 >50K, >50K
 <=50K, >50K
 <=50K, <=50K
 <=50K, <=50K
 <=50K, <=50K
 <=50K, <=50K
 <=50K, <=50K
 <=50K, >50K
 >50K, >50K
 <=50K, <=50K
 <=50K, >50K
 <=50K, <=50K
 <=50K, <=50K
 <=50K, <=50K
 <=50K, >50K
 <=50K, <=50K
 <=50K, <=50K
 <=50K, <=50K
 <=50K, <=50K
 <=50K, <=50K
 >50K, >50K
 <=50K, <=50K
 >50K, >50K
 <=50K, <=50K
 <=50K, <=50K
 <=50K, <=50K
 <=50K, <=50K
 <=50K, <=50K
 <=50K, <=50K
 <=50K, <=50K
 <=50K, <=50K
 >50K, >50K
 <=50K, <=50K
 <=50K, <=50K
 <=50K, <=50K
 >50K, >50K
 <=50K, <=50K
 <=50K, <=50K
 >50K, >50K
 >50K, <=50K
 <=50K, <=50K
 >50K, <=50K
 <=50K, <=50K
 <=50K, <=50K
 <=50K, <=50K
 <=50K, <=50K
 <=50K, <=50K
 <=50K, <=50K
 <=50K, <=50K
 <=50K, >50K
 <=50K, <=50K
 <=50K, <=50K
 <=50K, <=50K
 <=50K, <=50K
 <=50K, <=50K
 >50K, >50K
 <=50K, <=50K
 <=50K, <=50K
 >50K, >50K
 <=50K, <=50K
 <=50K, <=50K
 <=50K, <=50K
 <=50K, <=50K
 <=50K, >50K
 >50K, <=50K
 >50K, >50K
 >50K, <=50K
 <=50K, <=50K
 <=50K, <=50K
 >50K, >50K
 <=50K, >50K
 <=50K, <=50K
 >50K, >50K
 <=50K, <=50K
 <=50K, <=50K
 >50K, >50K
 <=50K, <=50K
 >50K, >50K
 >50K, <=50K
 <=50K, <=50K
 <=50K, <=50K
 <=50K, <=50K
 <=50K, <=50K
 <=50K, <=50K
 <=50K, <=50K
 >50K, >50K
 <=50K, <=50K
 <=50K, <=50K
 <=50K, <=50K
 <=50K, <=50K
 <=50K, <=50K
 <=50K, <=50K
 <=50K, <=50K
 >50K, >50K
 <=50K, <=50K
 <=50K, <=50K
 <=50K, <=50K
 <=50K, <=50K
 <=50K, <=50K
 <=50K, <=50K
 <=50K, <=50K
 <=50K, <=50K
 >50K, >50K
 <=50K, <=50K
 <=50K, <=50K
 <=50K, <=50K
 <=50K, <=50K
 >50K, >50K
 <=50K, <=50K
 <=50K, <=50K
 <=50K, <=50K
 >50K, <=50K
 <=50K, <=50K
 >50K, <=50K
 >50K, >50K
 <=50K, <=50K
 >50K, <=50K
 <=50K, <=50K
 >50K, >50K
 <=50K, <=50K
 <=50K, >50K
 <=50K, <=50K
 <=50K, <=50K
 <=50K, <=50K
 <=50K, <=50K
 <=50K, <=50K
 <=50K, <=50K
 <=50K, <=50K
 <=50K, <=50K
 <=50K, <=50K
 >50K, <=50K
 <=50K, <=50K
 <=50K, <=50K
 <=50K, <=50K
 >50K, >50K
 <=50K, >50K
 >50K, <=50K
 <=50K, >50K
 <=50K, >50K
 <=50K, <=50K
 <=50K, <=50K
 <=50K, <=50K
 <=50K, <=50K
 <=50K, >50K
 >50K, <=50K
 <=50K, >50K
 <=50K, <=50K
 >50K, >50K
 >50K, <=50K
 <=50K, <=50K
 <=50K, <=50K
 <=50K, <=50K
 <=50K, <=50K
 <=50K, <=50K
 >50K, <=50K
 >50K, <=50K
 <=50K, <=50K
 >50K, <=50K
 <=50K, <=50K
 <=50K, <=50K
 <=50K, <=50K
 <=50K, <=50K
 <=50K, >50K
 <=50K, >50K
 <=50K, <=50K
 <=50K, <=50K
 <=50K, <=50K
 <=50K, <=50K
 <=50K, <=50K
 <=50K, <=50K
 >50K, <=50K
 <=50K, <=50K
 <=50K, <=50K
 <=50K, <=50K
 <=50K, <=50K
 <=50K, <=50K
 >50K, >50K
 <=50K, <=50K
 <=50K, <=50K
 <=50K, <=50K
 <=50K, >50K
 <=50K, <=50K
 <=50K, <=50K
 <=50K, <=50K
 <=50K, <=50K
 <=50K, <=50K
 <=50K, <=50K
 <=50K, >50K
 <=50K, <=50K
 >50K, <=50K
 >50K, >50K
 <=50K, <=50K
 <=50K, <=50K
 <=50K, <=50K
 <=50K, >50K
 <=50K, <=50K
 <=50K, <=50K
 <=50K, <=50K
 <=50K, <=50K
 <=50K, <=50K
 <=50K, <=50K
 <=50K, <=50K
 >50K, <=50K
 <=50K, <=50K
 <=50K, <=50K
 >50K, <=50K
 <=50K, <=50K
 <=50K, <=50K
 <=50K, <=50K
 <=50K, <=50K
 <=50K, <=50K
 <=50K, <=50K
 <=50K, <=50K
 <=50K, <=50K
 <=50K, <=50K
 <=50K, <=50K
 <=50K, <=50K
 <=50K, <=50K
 >50K, <=50K
 <=50K, <=50K
 >50K, <=50K
 <=50K, <=50K
 >50K, <=50K
 <=50K, <=50K
 <=50K, <=50K
 >50K, <=50K
 >50K, >50K
 <=50K, >50K
 <=50K, <=50K
 <=50K, <=50K
 <=50K, <=50K
 <=50K, <=50K
 <=50K, <=50K
 <=50K, <=50K
 <=50K, <=50K
 <=50K, >50K
 >50K, <=50K
 <=50K, <=50K
 <=50K, <=50K
 <=50K, <=50K
 <=50K, <=50K
 <=50K, >50K
 >50K, >50K
 <=50K, <=50K
 >50K, <=50K
 >50K, <=50K
 <=50K, <=50K
 >50K, <=50K
 <=50K, <=50K
 >50K, >50K
 <=50K, >50K
 <=50K, >50K
 <=50K, <=50K
 <=50K, <=50K
 >50K, >50K
 <=50K, <=50K
 <=50K, <=50K
 <=50K, <=50K
 <=50K, <=50K
 >50K, >50K
 >50K, <=50K
 <=50K, <=50K
 <=50K, <=50K
 <=50K, <=50K
 <=50K, <=50K
 <=50K, >50K
 <=50K, <=50K
 <=50K, <=50K
 <=50K, <=50K
 <=50K, <=50K
 >50K, >50K
 <=50K, <=50K
 <=50K, <=50K
 <=50K, <=50K
 <=50K, <=50K
 <=50K, <=50K
 <=50K, <=50K
 <=50K, <=50K
 <=50K, <=50K
 <=50K, <=50K
 <=50K, <=50K
 <=50K, <=50K
 <=50K, <=50K
 >50K, >50K
 <=50K, <=50K
 <=50K, <=50K
 <=50K, <=50K
 <=50K, <=50K
 <=50K, <=50K
 >50K, >50K
 <=50K, <=50K
 >50K, <=50K
 <=50K, <=50K
 >50K, <=50K
 <=50K, <=50K
 <=50K, <=50K
 <=50K, <=50K
 <=50K, <=50K
 <=50K, <=50K
 <=50K, >50K
 <=50K, <=50K
 <=50K, <=50K
 <=50K, <=50K
 <=50K, >50K
 <=50K, <=50K
 <=50K, <=50K
 <=50K, <=50K
 <=50K, <=50K
 <=50K, <=50K
 <=50K, <=50K
 >50K, >50K
 <=50K, >50K
 <=50K, >50K
 <=50K, <=50K
 <=50K, <=50K
 <=50K, <=50K
 <=50K, <=50K
 <=50K, <=50K
 <=50K, <=50K
 <=50K, >50K
 <=50K, >50K
 >50K, >50K
 <=50K, <=50K
 >50K, >50K
 <=50K, <=50K
 <=50K, <=50K
 <=50K, <=50K
 >50K, >50K
 <=50K, <=50K
 <=50K, <=50K
 <=50K, <=50K
 <=50K, <=50K
 <=50K, <=50K
 <=50K, <=50K
 <=50K, <=50K
 <=50K, <=50K
 <=50K, <=50K
 <=50K, <=50K
 <=50K, <=50K
 <=50K, <=50K
 >50K, <=50K
 <=50K, <=50K
 <=50K, <=50K
 <=50K, <=50K
 >50K, <=50K
 <=50K, <=50K
 <=50K, >50K
 <=50K, <=50K
 >50K, >50K
 <=50K, >50K
 <=50K, <=50K
 <=50K, >50K
 <=50K, <=50K
 <=50K, <=50K
 <=50K, >50K
 <=50K, >50K
 <=50K, <=50K
 <=50K, <=50K
 <=50K, <=50K
 <=50K, <=50K
 <=50K, <=50K
 >50K, <=50K
 <=50K, <=50K
 <=50K, <=50K
 <=50K, <=50K
 <=50K, <=50K
 <=50K, <=50K
 <=50K, <=50K
 <=50K, <=50K
 >50K, <=50K
 <=50K, <=50K
 <=50K, <=50K
 <=50K, <=50K
 >50K, >50K
 <=50K, <=50K
 <=50K, <=50K
 >50K, >50K
 >50K, >50K
 <=50K, <=50K
 <=50K, <=50K
 <=50K, <=50K
 >50K, <=50K
 <=50K, <=50K
 <=50K, <=50K
 <=50K, <=50K
 <=50K, <=50K
 <=50K, <=50K
 <=50K, <=50K
 <=50K, <=50K
 <=50K, <=50K
 >50K, >50K
 >50K, >50K
 <=50K, <=50K
 >50K, <=50K
 <=50K, <=50K
 <=50K, <=50K
 <=50K, <=50K
 <=50K, <=50K
 <=50K, <=50K
 >50K, >50K
 >50K, >50K
 <=50K, <=50K
 <=50K, <=50K
 <=50K, <=50K
 <=50K, >50K
 <=50K, <=50K
 >50K, >50K
 <=50K, <=50K
 <=50K, <=50K
 <=50K, <=50K
 <=50K, <=50K
 <=50K, <=50K
 >50K, >50K
 <=50K, <=50K
 <=50K, <=50K
 <=50K, >50K
 <=50K, <=50K
 <=50K, <=50K
 <=50K, <=50K
 <=50K, <=50K
 >50K, <=50K
 <=50K, <=50K
 <=50K, <=50K
 >50K, >50K
 >50K, <=50K
 <=50K, <=50K
 <=50K, <=50K
 >50K, <=50K
 <=50K, <=50K
 <=50K, <=50K
 <=50K, <=50K
 <=50K, >50K
 <=50K, <=50K
 <=50K, <=50K
 >50K, >50K
 <=50K, <=50K
 >50K, >50K
 <=50K, <=50K
 <=50K, >50K
 <=50K, >50K
 <=50K, <=50K
 <=50K, <=50K
 <=50K, <=50K
 <=50K, <=50K
 <=50K, <=50K
 <=50K, >50K
 <=50K, <=50K
 <=50K, <=50K
 <=50K, <=50K
 <=50K, <=50K
 <=50K, <=50K
 <=50K, <=50K
 <=50K, <=50K
 <=50K, <=50K
 <=50K, <=50K
 <=50K, <=50K
 <=50K, >50K
 <=50K, <=50K
 <=50K, <=50K
 <=50K, <=50K
 <=50K, >50K
 <=50K, <=50K
 <=50K, <=50K
 >50K, <=50K
 >50K, <=50K
 >50K, <=50K
 <=50K, <=50K
 <=50K, <=50K
 <=50K, <=50K
 >50K, >50K
 <=50K, <=50K
 <=50K, <=50K
 >50K, >50K
 >50K, >50K
 <=50K, <=50K
 <=50K, <=50K
 <=50K, <=50K
 >50K, >50K
 >50K, <=50K
 <=50K, >50K
 <=50K, >50K
 >50K, >50K
 <=50K, <=50K
 <=50K, <=50K
 <=50K, >50K
 <=50K, <=50K
 <=50K, <=50K
 <=50K, <=50K
 >50K, <=50K
 <=50K, <=50K
 <=50K, <=50K
 >50K, <=50K
 <=50K, >50K
 <=50K, <=50K
 <=50K, <=50K
 >50K, >50K
 <=50K, <=50K
 >50K, >50K
 <=50K, >50K
 <=50K, <=50K
 <=50K, <=50K
 <=50K, <=50K
 <=50K, <=50K
 <=50K, <=50K
 <=50K, >50K
 <=50K, >50K
 <=50K, <=50K
 <=50K, <=50K
 <=50K, <=50K
 <=50K, <=50K
 <=50K, <=50K
 <=50K, <=50K
 >50K, <=50K
 <=50K, <=50K
 <=50K, <=50K
 <=50K, <=50K
 <=50K, <=50K
 <=50K, <=50K
 <=50K, >50K
 <=50K, <=50K
 <=50K, <=50K
 <=50K, <=50K
 <=50K, <=50K
 <=50K, <=50K
 <=50K, <=50K
 <=50K, <=50K
 <=50K, >50K
 <=50K, <=50K
 <=50K, <=50K
 >50K, <=50K
 <=50K, <=50K
 <=50K, <=50K
 <=50K, >50K
 <=50K, >50K
 <=50K, >50K
 <=50K, <=50K
 >50K, >50K
 <=50K, <=50K
 <=50K, <=50K
 <=50K, <=50K
 <=50K, <=50K
 <=50K, <=50K
 <=50K, <=50K
 <=50K, <=50K
 <=50K, <=50K
 <=50K, <=50K
 >50K, <=50K
 >50K, >50K
 <=50K, <=50K
 <=50K, <=50K
 <=50K, >50K
 <=50K, <=50K
 <=50K, <=50K
 >50K, >50K
 >50K, >50K
 <=50K, >50K
 <=50K, <=50K
 <=50K, <=50K
 >50K, >50K
 >50K, <=50K
 <=50K, <=50K
 >50K, <=50K
 <=50K, <=50K
 >50K, >50K
 <=50K, <=50K
 >50K, <=50K
 <=50K, <=50K
 >50K, >50K
 <=50K, >50K
 <=50K, <=50K
 <=50K, <=50K
 <=50K, <=50K
 >50K, >50K
 <=50K, <=50K
 <=50K, <=50K
 >50K, >50K
 <=50K, <=50K
 <=50K, >50K
 <=50K, <=50K
 <=50K, <=50K
 <=50K, <=50K
 <=50K, <=50K
 <=50K, <=50K
 <=50K, >50K
 <=50K, <=50K
 <=50K, >50K
 <=50K, <=50K
 <=50K, <=50K
 >50K, <=50K
 >50K, >50K
 <=50K, <=50K
 <=50K, <=50K
 <=50K, <=50K
 >50K, >50K
 <=50K, <=50K
 <=50K, <=50K
 >50K, <=50K
 >50K, >50K
 <=50K, <=50K
 <=50K, >50K
 >50K, <=50K
 >50K, <=50K
 <=50K, <=50K
 >50K, <=50K
 <=50K, <=50K
 <=50K, <=50K
 <=50K, <=50K
 <=50K, <=50K
 <=50K, <=50K
 <=50K, <=50K
 >50K, <=50K
 <=50K, >50K
 <=50K, <=50K
 >50K, >50K
 <=50K, <=50K
 >50K, <=50K
 <=50K, <=50K
 <=50K, <=50K
 <=50K, >50K
 <=50K, <=50K
 <=50K, <=50K
 >50K, >50K
 <=50K, <=50K
 >50K, <=50K
 >50K, >50K
 <=50K, <=50K
 <=50K, <=50K
 >50K, <=50K
 <=50K, <=50K
 <=50K, <=50K
 <=50K, >50K
 <=50K, <=50K
 <=50K, <=50K
 <=50K, <=50K
 <=50K, <=50K
 >50K, >50K
 <=50K, <=50K
 <=50K, <=50K
 <=50K, <=50K
 <=50K, <=50K
 >50K, <=50K
 <=50K, <=50K
 <=50K, <=50K
 <=50K, >50K
 <=50K, <=50K
 <=50K, <=50K
 <=50K, <=50K
 <=50K, <=50K
 <=50K, <=50K
 >50K, <=50K
 >50K, <=50K
 <=50K, <=50K
 >50K, >50K
 <=50K, >50K
 <=50K, <=50K
 >50K, >50K
 <=50K, <=50K
 >50K, <=50K
 <=50K, <=50K
 >50K, <=50K
 <=50K, >50K
 <=50K, <=50K
 <=50K, >50K
 >50K, <=50K
 <=50K, <=50K
 <=50K, <=50K
 <=50K, <=50K
 <=50K, <=50K
 <=50K, <=50K
 <=50K, <=50K
 <=50K, >50K
 <=50K, <=50K
 <=50K, <=50K
 >50K, <=50K
 <=50K, <=50K
 <=50K, >50K
 <=50K, >50K
 <=50K, <=50K
 <=50K, <=50K
 >50K, <=50K
 <=50K, <=50K
 <=50K, <=50K
 >50K, <=50K
 <=50K, <=50K
 <=50K, <=50K
 <=50K, >50K
 <=50K, <=50K
 <=50K, <=50K
 <=50K, <=50K
 <=50K, <=50K
 <=50K, <=50K
 <=50K, <=50K
 <=50K, <=50K
 <=50K, <=50K
 >50K, >50K
 >50K, >50K
 <=50K, <=50K
 <=50K, >50K
 <=50K, <=50K
 <=50K, <=50K
 <=50K, >50K
 <=50K, <=50K
 <=50K, <=50K
 <=50K, <=50K
 <=50K, <=50K
 <=50K, <=50K
 <=50K, <=50K
 <=50K, <=50K
 >50K, >50K
 <=50K, <=50K
 <=50K, <=50K
 >50K, <=50K
 >50K, <=50K
 <=50K, <=50K
 <=50K, <=50K
 <=50K, <=50K
 <=50K, >50K
 <=50K, <=50K
 <=50K, <=50K
 >50K, <=50K
 <=50K, <=50K
 >50K, >50K
 <=50K, <=50K
 <=50K, <=50K
 >50K, <=50K
 >50K, <=50K
 <=50K, <=50K
 <=50K, <=50K
 <=50K, >50K
 <=50K, <=50K
 >50K, >50K
 <=50K, <=50K
 <=50K, >50K
 >50K, <=50K
 <=50K, <=50K
 <=50K, <=50K
 <=50K, <=50K
 >50K, <=50K
 <=50K, >50K
 <=50K, >50K
 <=50K, <=50K
 >50K, <=50K
 >50K, >50K
 <=50K, <=50K
 <=50K, <=50K
 <=50K, <=50K
 >50K, >50K
 <=50K, <=50K
 <=50K, <=50K
 <=50K, <=50K
 >50K, >50K
 <=50K, <=50K
 >50K, <=50K
 <=50K, <=50K
 <=50K, <=50K
 >50K, >50K
 <=50K, <=50K
 <=50K, <=50K
 <=50K, <=50K
 <=50K, <=50K
 <=50K, <=50K
 <=50K, <=50K
 <=50K, <=50K
 <=50K, <=50K
 <=50K, <=50K
 >50K, >50K
 >50K, >50K
 <=50K, >50K
 <=50K, <=50K
 <=50K, <=50K
 <=50K, <=50K
 <=50K, <=50K
 <=50K, <=50K
 >50K, >50K
 <=50K, <=50K
 <=50K, <=50K
 >50K, <=50K
 <=50K, <=50K
 <=50K, <=50K
 <=50K, <=50K
 >50K, >50K
 <=50K, <=50K
 <=50K, <=50K
 <=50K, <=50K
 <=50K, <=50K
 <=50K, <=50K
 <=50K, <=50K
 <=50K, <=50K
 <=50K, >50K
 >50K, >50K
 <=50K, <=50K
 <=50K, <=50K
 <=50K, <=50K
 >50K, <=50K
 <=50K, <=50K
 <=50K, <=50K
 <=50K, <=50K
 <=50K, <=50K
 >50K, <=50K
 <=50K, >50K
 <=50K, <=50K
 <=50K, <=50K
 <=50K, <=50K
 >50K, >50K
 <=50K, <=50K
 >50K, >50K
 >50K, >50K
 <=50K, <=50K
 <=50K, <=50K
 <=50K, <=50K
 <=50K, <=50K
 <=50K, <=50K
 >50K, >50K
 >50K, >50K
 <=50K, <=50K
 <=50K, <=50K
 >50K, >50K
 <=50K, <=50K
 >50K, <=50K
 <=50K, <=50K
 <=50K, <=50K
 <=50K, <=50K
 <=50K, <=50K
 >50K, >50K
 <=50K, <=50K
 <=50K, <=50K
 <=50K, <=50K
 <=50K, <=50K
 <=50K, <=50K
 <=50K, <=50K
 <=50K, <=50K
 <=50K, <=50K
 >50K, <=50K
 <=50K, <=50K
 <=50K, <=50K
 <=50K, <=50K
 <=50K, >50K
 <=50K, <=50K
 >50K, >50K
 <=50K, <=50K
 <=50K, <=50K
 >50K, <=50K
 <=50K, <=50K
 <=50K, <=50K
 <=50K, <=50K
 <=50K, <=50K
 <=50K, <=50K
 <=50K, >50K
 <=50K, <=50K
 <=50K, <=50K
 >50K, >50K
 <=50K, <=50K
 <=50K, <=50K
 <=50K, <=50K
 <=50K, <=50K
 <=50K, <=50K
 >50K, <=50K
 <=50K, <=50K
 <=50K, <=50K
 >50K, >50K
 <=50K, <=50K
 <=50K, <=50K
 <=50K, <=50K
 <=50K, <=50K
 <=50K, <=50K
 <=50K, <=50K
 <=50K, <=50K
 <=50K, <=50K
 <=50K, <=50K
 >50K, >50K
 <=50K, <=50K
 <=50K, <=50K
 <=50K, <=50K
 <=50K, <=50K
 >50K, <=50K
 <=50K, <=50K
 <=50K, <=50K
 <=50K, <=50K
 >50K, <=50K
 >50K, >50K
 <=50K, <=50K
 >50K, <=50K
 <=50K, <=50K
 <=50K, <=50K
 <=50K, <=50K
 <=50K, <=50K
 <=50K, <=50K
 <=50K, >50K
 >50K, <=50K
 <=50K, <=50K
 >50K, <=50K
 >50K, <=50K
 <=50K, <=50K
 >50K, <=50K
 <=50K, <=50K
 <=50K, >50K
 >50K, >50K
 <=50K, <=50K
 <=50K, <=50K
 >50K, <=50K
 <=50K, <=50K
 <=50K, <=50K
 >50K, <=50K
 >50K, >50K
 <=50K, <=50K
 <=50K, <=50K
 <=50K, <=50K
 <=50K, <=50K
 <=50K, <=50K
 <=50K, <=50K
 >50K, <=50K
 <=50K, <=50K
 >50K, <=50K
 <=50K, <=50K
 <=50K, <=50K
 >50K, <=50K
 <=50K, >50K
 <=50K, <=50K
 >50K, >50K
 <=50K, <=50K
 <=50K, <=50K
 <=50K, <=50K
 >50K, >50K
 <=50K, >50K
 <=50K, <=50K
 >50K, <=50K
 <=50K, <=50K
 <=50K, <=50K
 <=50K, <=50K
 >50K, >50K
 <=50K, <=50K
 <=50K, <=50K
 <=50K, <=50K
 >50K, >50K
 <=50K, <=50K
 <=50K, <=50K
 <=50K, <=50K
 >50K, <=50K
 <=50K, >50K
 <=50K, <=50K
 <=50K, <=50K
 >50K, <=50K
 <=50K, <=50K
 <=50K, <=50K
 <=50K, <=50K
 >50K, <=50K
 <=50K, >50K
 <=50K, <=50K
 <=50K, <=50K
 <=50K, <=50K
 >50K, >50K
 <=50K, <=50K
 <=50K, >50K
 <=50K, <=50K
 <=50K, >50K
 <=50K, <=50K
 <=50K, <=50K
 <=50K, >50K
 <=50K, >50K
 <=50K, <=50K
 <=50K, <=50K
 <=50K, >50K
 <=50K, <=50K
 <=50K, <=50K
 <=50K, <=50K
 <=50K, <=50K
 <=50K, <=50K
 <=50K, <=50K
 <=50K, <=50K
 <=50K, <=50K
 <=50K, <=50K
 >50K, >50K
 >50K, <=50K
 >50K, >50K
 <=50K, <=50K
 <=50K, <=50K
 <=50K, <=50K
 <=50K, <=50K
 <=50K, <=50K
 <=50K, <=50K
 <=50K, <=50K
 >50K, <=50K
 <=50K, <=50K
 <=50K, <=50K
 <=50K, <=50K
 <=50K, <=50K
 <=50K, <=50K
 <=50K, <=50K
 >50K, >50K
 <=50K, <=50K
 >50K, >50K
 >50K, >50K
 <=50K, <=50K
 <=50K, <=50K
 <=50K, >50K
 >50K, <=50K
 <=50K, <=50K
 <=50K, <=50K
 <=50K, <=50K
 >50K, <=50K
 <=50K, <=50K
 >50K, <=50K
 >50K, >50K
 <=50K, <=50K
 >50K, <=50K
 <=50K, <=50K
 <=50K, <=50K
 <=50K, <=50K
 <=50K, <=50K
 <=50K, <=50K
 <=50K, <=50K
 <=50K, <=50K
 <=50K, <=50K
 <=50K, <=50K
 <=50K, <=50K
 <=50K, <=50K
 <=50K, <=50K
 <=50K, >50K
 <=50K, >50K
 <=50K, <=50K
 <=50K, >50K
 <=50K, <=50K
 <=50K, <=50K
 <=50K, >50K
 >50K, >50K
 <=50K, <=50K
 >50K, <=50K
 <=50K, <=50K
 <=50K, <=50K
 <=50K, <=50K
 <=50K, <=50K
 <=50K, <=50K
 <=50K, <=50K
 <=50K, <=50K
 <=50K, <=50K
 <=50K, <=50K
 <=50K, <=50K
 <=50K, <=50K
 >50K, >50K
 <=50K, <=50K
 <=50K, <=50K
 <=50K, >50K
 <=50K, <=50K
 <=50K, <=50K
 <=50K, <=50K
 >50K, <=50K
 >50K, >50K
 <=50K, <=50K
 <=50K, <=50K
 <=50K, <=50K
 <=50K, <=50K
 >50K, <=50K
 <=50K, <=50K
 <=50K, <=50K
 <=50K, <=50K
 >50K, >50K
 <=50K, <=50K
 <=50K, <=50K
 >50K, >50K
 <=50K, >50K
 <=50K, <=50K
 >50K, <=50K
 <=50K, >50K
 <=50K, <=50K
 <=50K, <=50K
 >50K, <=50K
 <=50K, <=50K
 >50K, >50K
 <=50K, <=50K
 <=50K, <=50K
 >50K, >50K
 <=50K, <=50K
 <=50K, <=50K
 <=50K, <=50K
 <=50K, <=50K
 <=50K, <=50K
 <=50K, <=50K
 <=50K, <=50K
 <=50K, >50K
 <=50K, <=50K
 <=50K, <=50K
 >50K, >50K
 <=50K, <=50K
 <=50K, <=50K
 <=50K, <=50K
 <=50K, >50K
 <=50K, >50K
 <=50K, >50K
 <=50K, <=50K
 >50K, <=50K
 >50K, <=50K
 <=50K, <=50K
 >50K, <=50K
 <=50K, <=50K
 >50K, >50K
 <=50K, >50K
 <=50K, >50K
 <=50K, <=50K
 <=50K, >50K
 <=50K, <=50K
 <=50K, <=50K
 >50K, >50K
 >50K, >50K
 <=50K, <=50K
 >50K, <=50K
 <=50K, <=50K
 >50K, <=50K
 <=50K, <=50K
 <=50K, <=50K
 >50K, >50K
 <=50K, <=50K
 <=50K, <=50K
 <=50K, <=50K
 <=50K, <=50K
 <=50K, <=50K
 <=50K, <=50K
 <=50K, <=50K
 <=50K, <=50K
 <=50K, <=50K
 <=50K, <=50K
 <=50K, <=50K
 >50K, >50K
 <=50K, <=50K
 >50K, >50K
 <=50K, <=50K
 <=50K, <=50K
 <=50K, <=50K
 <=50K, >50K
 <=50K, <=50K
 <=50K, <=50K
 >50K, <=50K
 <=50K, <=50K
 >50K, <=50K
 <=50K, <=50K
 <=50K, >50K
 <=50K, <=50K
 <=50K, <=50K
 <=50K, <=50K
 <=50K, <=50K
 >50K, <=50K
 >50K, <=50K
 <=50K, <=50K
 >50K, >50K
 <=50K, >50K
 <=50K, <=50K
 <=50K, <=50K
 <=50K, <=50K
 <=50K, <=50K
 >50K, <=50K
 <=50K, <=50K
 <=50K, <=50K
 <=50K, <=50K
 <=50K, <=50K
 >50K, >50K
 <=50K, <=50K
 >50K, >50K
 <=50K, >50K
 <=50K, <=50K
 <=50K, <=50K
 <=50K, <=50K
 <=50K, <=50K
 >50K, <=50K
 <=50K, <=50K
 <=50K, <=50K
 >50K, >50K
 <=50K, <=50K
 <=50K, <=50K
 >50K, >50K
 <=50K, >50K
 <=50K, >50K
 <=50K, <=50K
 <=50K, <=50K
 >50K, >50K
 <=50K, <=50K
 <=50K, <=50K
 <=50K, <=50K
 >50K, >50K
 <=50K, <=50K
 <=50K, <=50K
 >50K, >50K
 <=50K, <=50K
 >50K, >50K
 <=50K, <=50K
 <=50K, <=50K
 <=50K, <=50K
 <=50K, <=50K
 <=50K, <=50K
 >50K, >50K
 <=50K, <=50K
 <=50K, <=50K
 <=50K, <=50K
 <=50K, <=50K
 <=50K, <=50K
 <=50K, <=50K
 <=50K, >50K
 <=50K, <=50K
 <=50K, <=50K
 >50K, <=50K
 <=50K, <=50K
 >50K, <=50K
 <=50K, <=50K
 <=50K, <=50K
 <=50K, <=50K
 >50K, <=50K
 <=50K, <=50K
 <=50K, <=50K
 <=50K, >50K
 <=50K, >50K
 <=50K, <=50K
 >50K, >50K
 <=50K, >50K
 <=50K, <=50K
 >50K, <=50K
 <=50K, <=50K
 <=50K, <=50K
 <=50K, <=50K
 >50K, <=50K
 <=50K, <=50K
 <=50K, <=50K
 >50K, <=50K
 <=50K, <=50K
 >50K, >50K
 <=50K, <=50K
 >50K, <=50K
 >50K, >50K
 >50K, <=50K
 <=50K, >50K
 <=50K, <=50K
 <=50K, <=50K
 >50K, <=50K
 >50K, <=50K
 <=50K, <=50K
 >50K, >50K
 <=50K, <=50K
 <=50K, <=50K
 >50K, >50K
 <=50K, <=50K
 <=50K, <=50K
 >50K, >50K
 <=50K, >50K
 <=50K, <=50K
 <=50K, <=50K
 >50K, <=50K
 >50K, <=50K
 <=50K, <=50K
 >50K, >50K
 <=50K, <=50K
 <=50K, <=50K
 <=50K, <=50K
 <=50K, <=50K
 >50K, >50K
 >50K, >50K
 <=50K, <=50K
 <=50K, <=50K
 <=50K, <=50K
 <=50K, <=50K
 <=50K, <=50K
 <=50K, <=50K
 <=50K, <=50K
 <=50K, <=50K
 <=50K, >50K
 >50K, >50K
 <=50K, <=50K
 <=50K, <=50K
 <=50K, <=50K
 <=50K, <=50K
 <=50K, <=50K
 <=50K, <=50K
 >50K, <=50K
 >50K, <=50K
 >50K, >50K
 >50K, >50K
 <=50K, <=50K
 <=50K, <=50K
 <=50K, <=50K
 <=50K, <=50K
 <=50K, <=50K
 >50K, >50K
 <=50K, <=50K
 <=50K, <=50K
 <=50K, <=50K
 <=50K, <=50K
 <=50K, <=50K
 <=50K, >50K
 >50K, <=50K
 <=50K, <=50K
 <=50K, <=50K
 >50K, >50K
 <=50K, <=50K
 <=50K, <=50K
 >50K, <=50K
 <=50K, <=50K
 <=50K, <=50K
 <=50K, <=50K
 <=50K, <=50K
 >50K, >50K
 >50K, <=50K
 <=50K, <=50K
 <=50K, <=50K
 >50K, >50K
 >50K, >50K
 <=50K, <=50K
 <=50K, >50K
 <=50K, <=50K
 <=50K, <=50K
 <=50K, <=50K
 <=50K, <=50K
 <=50K, >50K
 <=50K, <=50K
 <=50K, <=50K
 <=50K, <=50K
 <=50K, <=50K
 <=50K, <=50K
 <=50K, <=50K
 <=50K, >50K
 >50K, >50K
 <=50K, <=50K
 <=50K, <=50K
 <=50K, >50K
 >50K, >50K
 <=50K, <=50K
 <=50K, <=50K
 >50K, >50K
 >50K, <=50K
 >50K, <=50K
 <=50K, <=50K
 <=50K, <=50K
 <=50K, <=50K
 <=50K, <=50K
 <=50K, <=50K
 <=50K, <=50K
 <=50K, <=50K
 <=50K, <=50K
 <=50K, <=50K
 <=50K, <=50K
 <=50K, <=50K
 >50K, >50K
 >50K, <=50K
 <=50K, <=50K
 <=50K, <=50K
 <=50K, <=50K
 <=50K, <=50K
 <=50K, <=50K
 <=50K, >50K
 <=50K, <=50K
 <=50K, <=50K
 <=50K, <=50K
 <=50K, <=50K
 <=50K, <=50K
 >50K, >50K
 <=50K, <=50K
 <=50K, >50K
 <=50K, <=50K
 >50K, >50K
 <=50K, <=50K
 >50K, >50K
 <=50K, <=50K
 <=50K, <=50K
 >50K, <=50K
 >50K, >50K
 <=50K, >50K
 <=50K, <=50K
 >50K, >50K
 >50K, >50K
 <=50K, <=50K
 >50K, >50K
 >50K, >50K
 <=50K, <=50K
 <=50K, <=50K
 <=50K, >50K
 <=50K, <=50K
 >50K, <=50K
 <=50K, <=50K
 <=50K, <=50K
 <=50K, <=50K
 >50K, >50K
 >50K, <=50K
 <=50K, <=50K
 <=50K, <=50K
 <=50K, <=50K
 <=50K, <=50K
 <=50K, <=50K
 <=50K, <=50K
 <=50K, >50K
 >50K, <=50K
 <=50K, <=50K
 <=50K, <=50K
 <=50K, <=50K
 <=50K, <=50K
 <=50K, <=50K
 >50K, >50K
 <=50K, <=50K
 <=50K, <=50K
 <=50K, <=50K
 <=50K, <=50K
 <=50K, <=50K
 <=50K, <=50K
 >50K, >50K
 <=50K, >50K
 <=50K, <=50K
 >50K, >50K
 <=50K, <=50K
 <=50K, <=50K
 <=50K, <=50K
 >50K, >50K
 <=50K, <=50K
 <=50K, <=50K
 >50K, >50K
 <=50K, <=50K
 <=50K, <=50K
 <=50K, <=50K
 >50K, <=50K
 >50K, >50K
 <=50K, >50K
 <=50K, <=50K
 >50K, <=50K
 >50K, >50K
 <=50K, <=50K
 <=50K, <=50K
 <=50K, <=50K
 <=50K, <=50K
 <=50K, <=50K
 >50K, <=50K
 <=50K, <=50K
 >50K, >50K
 >50K, >50K
 >50K, <=50K
 <=50K, <=50K
 <=50K, <=50K
 <=50K, <=50K
 <=50K, >50K
 <=50K, <=50K
 <=50K, <=50K
 <=50K, <=50K
 >50K, <=50K
 >50K, <=50K
 <=50K, <=50K
 <=50K, <=50K
 <=50K, <=50K
 >50K, <=50K
 <=50K, <=50K
 <=50K, <=50K
 >50K, <=50K
 <=50K, >50K
 <=50K, <=50K
 <=50K, <=50K
 <=50K, >50K
 <=50K, <=50K
 <=50K, <=50K
 <=50K, <=50K
 <=50K, <=50K
 <=50K, <=50K
 <=50K, <=50K
 <=50K, <=50K
 <=50K, <=50K
 <=50K, <=50K
 <=50K, <=50K
 >50K, >50K
 >50K, >50K
 <=50K, <=50K
 >50K, >50K
 <=50K, <=50K
 <=50K, <=50K
 >50K, >50K
 <=50K, <=50K
 >50K, >50K
 >50K, <=50K
 <=50K, <=50K
 <=50K, <=50K
 >50K, <=50K
 <=50K, <=50K
 >50K, >50K
 <=50K, <=50K
 <=50K, <=50K
 <=50K, <=50K
 >50K, <=50K
 <=50K, <=50K
 <=50K, <=50K
 <=50K, <=50K
 <=50K, <=50K
 <=50K, <=50K
 <=50K, <=50K
 <=50K, <=50K
 <=50K, <=50K
 <=50K, <=50K
 <=50K, <=50K
 <=50K, <=50K
 >50K, <=50K
 <=50K, <=50K
 <=50K, <=50K
 <=50K, <=50K
 <=50K, <=50K
 >50K, >50K
 >50K, >50K
 <=50K, <=50K
 <=50K, >50K
 <=50K, <=50K
 <=50K, <=50K
 <=50K, <=50K
 >50K, >50K
 <=50K, <=50K
 <=50K, <=50K
 <=50K, <=50K
 <=50K, <=50K
 <=50K, <=50K
 <=50K, <=50K
 <=50K, <=50K
 <=50K, <=50K
 <=50K, <=50K
 <=50K, <=50K
 <=50K, >50K
 <=50K, <=50K
 <=50K, <=50K
 <=50K, <=50K
 >50K, >50K
 >50K, >50K
 <=50K, <=50K
 <=50K, <=50K
 <=50K, <=50K
 <=50K, <=50K
 <=50K, >50K
 <=50K, <=50K
 <=50K, >50K
 <=50K, >50K
 <=50K, <=50K
 <=50K, <=50K
 >50K, >50K
 <=50K, <=50K
 <=50K, <=50K
 >50K, >50K
 >50K, >50K
 <=50K, >50K
 <=50K, <=50K
 <=50K, <=50K
 >50K, <=50K
 <=50K, <=50K
 <=50K, <=50K
 >50K, <=50K
 <=50K, <=50K
 <=50K, >50K
 <=50K, <=50K
 <=50K, <=50K
 <=50K, >50K
 <=50K, <=50K
 <=50K, <=50K
 <=50K, <=50K
 <=50K, <=50K
 <=50K, <=50K
 >50K, <=50K
 <=50K, <=50K
 >50K, <=50K
 >50K, <=50K
 <=50K, <=50K
 <=50K, <=50K
 <=50K, <=50K
 <=50K, >50K
 <=50K, <=50K
 >50K, >50K
 <=50K, <=50K
 <=50K, <=50K
 <=50K, <=50K
 <=50K, <=50K
 <=50K, <=50K
 <=50K, <=50K
 <=50K, <=50K
 <=50K, <=50K
 <=50K, <=50K
 >50K, >50K
 <=50K, <=50K
 <=50K, <=50K
 <=50K, <=50K
 <=50K, <=50K
 >50K, <=50K
 >50K, >50K
 <=50K, <=50K
 >50K, <=50K
 <=50K, <=50K
 <=50K, <=50K
 <=50K, <=50K
 >50K, <=50K
 <=50K, <=50K
 >50K, >50K
 <=50K, <=50K
 <=50K, <=50K
 >50K, >50K
 <=50K, <=50K
 <=50K, <=50K
 >50K, <=50K
 >50K, >50K
 <=50K, <=50K
 >50K, >50K
 <=50K, <=50K
 <=50K, <=50K
 <=50K, <=50K
 <=50K, >50K
 <=50K, <=50K
 <=50K, <=50K
 <=50K, <=50K
 <=50K, <=50K
 <=50K, <=50K
 <=50K, <=50K
 <=50K, <=50K
 <=50K, <=50K
 <=50K, <=50K
 <=50K, <=50K
 <=50K, <=50K
 <=50K, <=50K
 <=50K, <=50K
 >50K, >50K
 <=50K, <=50K
 <=50K, <=50K
 >50K, <=50K
 <=50K, <=50K
 <=50K, <=50K
 <=50K, <=50K
 <=50K, <=50K
 <=50K, <=50K
 <=50K, <=50K
 <=50K, <=50K
 <=50K, <=50K
 <=50K, <=50K
 >50K, >50K
 <=50K, <=50K
 <=50K, <=50K
 <=50K, >50K
 >50K, <=50K
 >50K, <=50K
 >50K, >50K
 <=50K, <=50K
 <=50K, <=50K
 >50K, >50K
 <=50K, <=50K
 <=50K, <=50K
 >50K, <=50K
 <=50K, <=50K
 <=50K, <=50K
 <=50K, <=50K
 <=50K, <=50K
 <=50K, <=50K
 <=50K, <=50K
 <=50K, <=50K
 <=50K, <=50K
 >50K, >50K
 <=50K, >50K
 <=50K, >50K
 >50K, >50K
 <=50K, <=50K
 <=50K, >50K
 <=50K, >50K
 >50K, >50K
 <=50K, <=50K
 >50K, >50K
 >50K, >50K
 <=50K, <=50K
 <=50K, <=50K
 <=50K, <=50K
 <=50K, >50K
 >50K, <=50K
 <=50K, <=50K
 <=50K, >50K
 <=50K, <=50K
 >50K, <=50K
 >50K, <=50K
 >50K, <=50K
 <=50K, >50K
 >50K, >50K
 <=50K, <=50K
 <=50K, <=50K
 >50K, >50K
 <=50K, <=50K
 <=50K, <=50K
 <=50K, <=50K
 >50K, <=50K
 <=50K, <=50K
 <=50K, <=50K
 <=50K, <=50K
 <=50K, <=50K
 >50K, <=50K
 >50K, <=50K
 <=50K, <=50K
 <=50K, <=50K
 <=50K, <=50K
 <=50K, <=50K
 <=50K, <=50K
 <=50K, <=50K
 <=50K, <=50K
 <=50K, <=50K
 <=50K, <=50K
 >50K, >50K
 <=50K, <=50K
 <=50K, <=50K
 <=50K, <=50K
 <=50K, <=50K
 <=50K, <=50K
 <=50K, <=50K
 <=50K, >50K
 >50K, <=50K
 <=50K, <=50K
 >50K, >50K
 <=50K, <=50K
 >50K, >50K
 <=50K, <=50K
 <=50K, <=50K
 >50K, >50K
 <=50K, <=50K
 <=50K, <=50K
 >50K, <=50K
 >50K, <=50K
 <=50K, <=50K
 >50K, <=50K
 <=50K, <=50K
 >50K, >50K
 <=50K, <=50K
 <=50K, <=50K
 >50K, <=50K
 >50K, <=50K
 <=50K, <=50K
 >50K, <=50K
 >50K, >50K
 <=50K, <=50K
 <=50K, <=50K
 <=50K, <=50K
 <=50K, >50K
 <=50K, <=50K
 <=50K, <=50K
 <=50K, <=50K
 <=50K, <=50K
 <=50K, <=50K
 <=50K, <=50K
 <=50K, <=50K
 <=50K, <=50K
 >50K, >50K
 <=50K, <=50K
 <=50K, <=50K
 >50K, <=50K
 <=50K, <=50K
 <=50K, <=50K
 <=50K, <=50K
 <=50K, <=50K
 <=50K, <=50K
 <=50K, <=50K
 >50K, >50K
 <=50K, <=50K
 <=50K, <=50K
 <=50K, <=50K
 <=50K, <=50K
 <=50K, <=50K
 <=50K, <=50K
 >50K, >50K
 <=50K, <=50K
 <=50K, >50K
 <=50K, <=50K
 <=50K, >50K
 <=50K, <=50K
 <=50K, <=50K
 <=50K, <=50K
 <=50K, <=50K
 <=50K, <=50K
 <=50K, >50K
 >50K, <=50K
 <=50K, <=50K
 >50K, >50K
 <=50K, <=50K
 >50K, >50K
 >50K, <=50K
 <=50K, <=50K
 <=50K, <=50K
 <=50K, <=50K
 <=50K, <=50K
 <=50K, <=50K
 <=50K, <=50K
 >50K, <=50K
 <=50K, <=50K
 <=50K, <=50K
 <=50K, <=50K
 >50K, >50K
 <=50K, <=50K
 >50K, >50K
 <=50K, <=50K
 >50K, >50K
 <=50K, <=50K
 <=50K, >50K
 <=50K, <=50K
 <=50K, <=50K
 >50K, <=50K
 >50K, >50K
 <=50K, <=50K
 <=50K, >50K
 <=50K, <=50K
 <=50K, <=50K
 <=50K, <=50K
 >50K, <=50K
 <=50K, <=50K
 >50K, >50K
 >50K, <=50K
 <=50K, <=50K
 <=50K, <=50K
 <=50K, <=50K
 <=50K, <=50K
 <=50K, <=50K
 <=50K, <=50K
 <=50K, <=50K
 <=50K, <=50K
 >50K, <=50K
 >50K, <=50K
 >50K, >50K
 <=50K, <=50K
 <=50K, <=50K
 <=50K, <=50K
 <=50K, <=50K
 <=50K, <=50K
 <=50K, <=50K
 <=50K, <=50K
 <=50K, <=50K
 >50K, <=50K
 <=50K, <=50K
 >50K, >50K
 <=50K, <=50K
 <=50K, <=50K
 <=50K, <=50K
 <=50K, <=50K
 <=50K, <=50K
 <=50K, <=50K
 <=50K, <=50K
 <=50K, <=50K
 <=50K, <=50K
 <=50K, <=50K
 >50K, >50K
 <=50K, <=50K
 >50K, >50K
 <=50K, <=50K
 <=50K, <=50K
 <=50K, <=50K
 <=50K, <=50K
 <=50K, <=50K
 <=50K, >50K
 <=50K, <=50K
 >50K, <=50K
 >50K, >50K
 >50K, <=50K
 <=50K, <=50K
 <=50K, <=50K
 <=50K, <=50K
 >50K, >50K
 <=50K, <=50K
 <=50K, <=50K
 <=50K, <=50K
 <=50K, <=50K
 <=50K, <=50K
 <=50K, <=50K
 <=50K, <=50K
 <=50K, <=50K
 <=50K, <=50K
 <=50K, <=50K
 <=50K, <=50K
 <=50K, >50K
 <=50K, <=50K
 >50K, <=50K
 <=50K, <=50K
 <=50K, <=50K
 <=50K, <=50K
 <=50K, <=50K
 <=50K, <=50K
 <=50K, <=50K
 <=50K, <=50K
 >50K, >50K
 <=50K, <=50K
 >50K, <=50K
 <=50K, <=50K
 <=50K, <=50K
 <=50K, <=50K
 <=50K, <=50K
 <=50K, <=50K
 <=50K, <=50K
 >50K, >50K
 <=50K, <=50K
 <=50K, <=50K
 <=50K, >50K
 <=50K, <=50K
 <=50K, <=50K
 <=50K, >50K
 >50K, >50K
 <=50K, <=50K
 <=50K, <=50K
 <=50K, <=50K
 <=50K, <=50K
 <=50K, <=50K
 <=50K, <=50K
 <=50K, <=50K
 <=50K, <=50K
 >50K, <=50K
 <=50K, <=50K
 <=50K, >50K
 <=50K, <=50K
 <=50K, >50K
 <=50K, >50K
 <=50K, <=50K
 <=50K, <=50K
 <=50K, <=50K
 >50K, >50K
 <=50K, <=50K
 <=50K, <=50K
 <=50K, <=50K
 <=50K, >50K
 <=50K, >50K
 <=50K, >50K
 >50K, <=50K
 <=50K, <=50K
 <=50K, <=50K
 <=50K, <=50K
 >50K, >50K
 >50K, <=50K
 >50K, <=50K
 <=50K, <=50K
 <=50K, <=50K
 <=50K, <=50K
 <=50K, <=50K
 <=50K, <=50K
 <=50K, <=50K
 <=50K, <=50K
 <=50K, <=50K
 <=50K, <=50K
 <=50K, <=50K
 <=50K, <=50K
 >50K, <=50K
 <=50K, <=50K
 <=50K, <=50K
 >50K, <=50K
 <=50K, <=50K
 >50K, <=50K
 <=50K, <=50K
 <=50K, <=50K
 <=50K, <=50K
 <=50K, <=50K
 <=50K, <=50K
 <=50K, <=50K
 <=50K, <=50K
 >50K, <=50K
 <=50K, <=50K
 <=50K, >50K
 <=50K, <=50K
 <=50K, <=50K
 >50K, >50K
 >50K, >50K
 <=50K, <=50K
 <=50K, <=50K
 <=50K, <=50K
 <=50K, <=50K
 <=50K, <=50K
 <=50K, <=50K
 <=50K, <=50K
 <=50K, <=50K
 <=50K, <=50K
 <=50K, <=50K
 <=50K, >50K
 <=50K, <=50K
 <=50K, <=50K
 >50K, <=50K
 <=50K, <=50K
 <=50K, <=50K
 <=50K, <=50K
 <=50K, <=50K
 <=50K, <=50K
 <=50K, <=50K
 <=50K, >50K
 <=50K, <=50K
 >50K, <=50K
 <=50K, <=50K
 <=50K, <=50K
 <=50K, <=50K
 <=50K, <=50K
 <=50K, <=50K
 <=50K, <=50K
 <=50K, <=50K
 <=50K, <=50K
 <=50K, <=50K
 <=50K, <=50K
 <=50K, <=50K
 >50K, <=50K
 <=50K, <=50K
 >50K, <=50K
 <=50K, <=50K
 <=50K, <=50K
 <=50K, <=50K
 <=50K, <=50K
 <=50K, <=50K
 <=50K, >50K
 <=50K, >50K
 <=50K, <=50K
 <=50K, <=50K
 <=50K, <=50K
 >50K, >50K
 <=50K, <=50K
 <=50K, <=50K
 <=50K, <=50K
 <=50K, <=50K
 <=50K, <=50K
 >50K, <=50K
 <=50K, <=50K
 <=50K, <=50K
 <=50K, <=50K
 <=50K, >50K
 <=50K, <=50K
 <=50K, <=50K
 >50K, >50K
 <=50K, <=50K
 <=50K, <=50K
 >50K, >50K
 <=50K, <=50K
 >50K, >50K
 >50K, >50K
 >50K, <=50K
 <=50K, <=50K
 <=50K, <=50K
 <=50K, <=50K
 <=50K, <=50K
 <=50K, <=50K
 <=50K, <=50K
 <=50K, <=50K
 <=50K, <=50K
 >50K, <=50K
 <=50K, <=50K
 >50K, <=50K
 <=50K, <=50K
 <=50K, <=50K
 <=50K, >50K
 <=50K, <=50K
 <=50K, <=50K
 <=50K, <=50K
 <=50K, <=50K
 <=50K, <=50K
 <=50K, >50K
 <=50K, <=50K
 <=50K, <=50K
 <=50K, >50K
 <=50K, <=50K
 <=50K, <=50K
 <=50K, <=50K
 >50K, >50K
 <=50K, <=50K
 >50K, >50K
 <=50K, <=50K
 <=50K, <=50K
 <=50K, <=50K
 <=50K, <=50K
 >50K, <=50K
 >50K, <=50K
 <=50K, <=50K
 <=50K, <=50K
 >50K, <=50K
 <=50K, <=50K
 <=50K, <=50K
 <=50K, <=50K
 >50K, <=50K
 >50K, <=50K
 <=50K, <=50K
 <=50K, <=50K
 >50K, >50K
 <=50K, <=50K
 <=50K, <=50K
 <=50K, <=50K
 >50K, <=50K
 <=50K, <=50K
 >50K, >50K
 >50K, >50K
 <=50K, <=50K
 <=50K, <=50K
 <=50K, <=50K
 <=50K, >50K
 <=50K, >50K
 <=50K, >50K
 <=50K, <=50K
 <=50K, <=50K
 >50K, <=50K
 <=50K, <=50K
 <=50K, <=50K
 <=50K, >50K
 <=50K, <=50K
 <=50K, >50K
 >50K, >50K
 <=50K, <=50K
 <=50K, >50K
 <=50K, <=50K
 <=50K, <=50K
 <=50K, <=50K
 >50K, <=50K
 <=50K, <=50K
 <=50K, <=50K
 <=50K, <=50K
 <=50K, <=50K
 <=50K, <=50K
 <=50K, <=50K
 <=50K, <=50K
 <=50K, <=50K
 <=50K, >50K
 <=50K, <=50K
 <=50K, <=50K
 >50K, >50K
 <=50K, <=50K
 <=50K, <=50K
 <=50K, <=50K
 <=50K, <=50K
 <=50K, <=50K
 <=50K, <=50K
 <=50K, <=50K
 <=50K, <=50K
 <=50K, <=50K
 <=50K, <=50K
 <=50K, <=50K
 <=50K, <=50K
 <=50K, <=50K
 <=50K, <=50K
 <=50K, <=50K
 <=50K, <=50K
 <=50K, <=50K
 >50K, <=50K
 <=50K, <=50K
 <=50K, <=50K
 >50K, >50K
 >50K, >50K
 <=50K, <=50K
 <=50K, <=50K
 >50K, >50K
 <=50K, >50K
 >50K, >50K
 >50K, >50K
 <=50K, <=50K
 >50K, >50K
 <=50K, <=50K
 <=50K, <=50K
 <=50K, <=50K
 <=50K, <=50K
 <=50K, <=50K
 >50K, <=50K
 <=50K, <=50K
 <=50K, <=50K
 <=50K, <=50K
 <=50K, <=50K
 <=50K, <=50K
 <=50K, <=50K
 <=50K, <=50K
 <=50K, >50K
 >50K, <=50K
 <=50K, <=50K
 <=50K, >50K
 <=50K, <=50K
 <=50K, <=50K
 <=50K, <=50K
 <=50K, <=50K
 <=50K, <=50K
 <=50K, <=50K
 <=50K, <=50K
 >50K, <=50K
 <=50K, <=50K
 <=50K, >50K
 <=50K, >50K
 <=50K, <=50K
 >50K, >50K
 <=50K, <=50K
 <=50K, <=50K
 <=50K, <=50K
 <=50K, <=50K
 >50K, >50K
 <=50K, <=50K
 <=50K, <=50K
 <=50K, <=50K
 <=50K, <=50K
 >50K, <=50K
 <=50K, <=50K
 <=50K, <=50K
 <=50K, <=50K
 <=50K, <=50K
 <=50K, <=50K
 >50K, >50K
 <=50K, <=50K
 <=50K, <=50K
 >50K, >50K
 <=50K, <=50K
 <=50K, <=50K
 >50K, >50K
 <=50K, >50K
 <=50K, <=50K
 >50K, >50K
 <=50K, <=50K
 <=50K, <=50K
 >50K, >50K
 <=50K, <=50K
 >50K, <=50K
 >50K, <=50K
 <=50K, <=50K
 <=50K, <=50K
 >50K, <=50K
 <=50K, <=50K
 <=50K, <=50K
 <=50K, <=50K
 >50K, >50K
 <=50K, <=50K
 <=50K, >50K
 <=50K, <=50K
 <=50K, <=50K
 <=50K, <=50K
 >50K, >50K
 <=50K, <=50K
 <=50K, <=50K
 >50K, >50K
 <=50K, <=50K
 <=50K, <=50K
 <=50K, <=50K
 <=50K, <=50K
 <=50K, <=50K
 <=50K, <=50K
 <=50K, <=50K
 >50K, >50K
 >50K, >50K
 >50K, <=50K
 <=50K, <=50K
 >50K, <=50K
 <=50K, <=50K
 >50K, >50K
 <=50K, >50K
 <=50K, <=50K
 <=50K, >50K
 >50K, <=50K
 <=50K, >50K
 >50K, <=50K
 <=50K, <=50K
 <=50K, <=50K
 <=50K, <=50K
 <=50K, >50K
 >50K, >50K
 <=50K, <=50K
 <=50K, <=50K
 <=50K, <=50K
 >50K, >50K
 <=50K, <=50K
 <=50K, <=50K
 <=50K, <=50K
 <=50K, <=50K
 <=50K, <=50K
 <=50K, <=50K
 <=50K, <=50K
 <=50K, <=50K
 >50K, <=50K
 <=50K, <=50K
 <=50K, <=50K
 <=50K, <=50K
 <=50K, <=50K
 >50K, >50K
 <=50K, <=50K
 <=50K, <=50K
 >50K, <=50K
 <=50K, <=50K
 <=50K, <=50K
 <=50K, <=50K
 >50K, >50K
 >50K, >50K
 <=50K, <=50K
 <=50K, <=50K
 <=50K, <=50K
 <=50K, <=50K
 >50K, >50K
 >50K, <=50K
 <=50K, <=50K
 <=50K, <=50K
 <=50K, <=50K
 <=50K, <=50K
 >50K, >50K
 >50K, <=50K
 <=50K, <=50K
 <=50K, <=50K
 >50K, >50K
 <=50K, <=50K
 >50K, <=50K
 <=50K, >50K
 <=50K, >50K
 <=50K, <=50K
 <=50K, <=50K
 <=50K, <=50K
 <=50K, <=50K
 >50K, <=50K
 >50K, >50K
 <=50K, <=50K
 <=50K, <=50K
 <=50K, >50K
 <=50K, <=50K
 <=50K, <=50K
 <=50K, <=50K
 <=50K, >50K
 <=50K, >50K
 >50K, >50K
 <=50K, <=50K
 <=50K, <=50K
 <=50K, <=50K
 <=50K, <=50K
 <=50K, <=50K
 <=50K, <=50K
 <=50K, <=50K
 >50K, >50K
 <=50K, <=50K
 <=50K, <=50K
 >50K, >50K
 <=50K, <=50K
 <=50K, <=50K
 <=50K, <=50K
 <=50K, <=50K
 <=50K, <=50K
 <=50K, <=50K
 <=50K, <=50K
 <=50K, <=50K
 >50K, >50K
 <=50K, <=50K
 <=50K, <=50K
 <=50K, <=50K
 <=50K, >50K
 >50K, >50K
 <=50K, <=50K
 >50K, <=50K
 <=50K, <=50K
 >50K, >50K
 <=50K, <=50K
 <=50K, <=50K
 <=50K, <=50K
 <=50K, <=50K
 <=50K, <=50K
 <=50K, <=50K
 <=50K, <=50K
 <=50K, <=50K
 <=50K, <=50K
 >50K, >50K
 <=50K, <=50K
 <=50K, <=50K
 <=50K, <=50K
 <=50K, <=50K
 <=50K, <=50K
 <=50K, <=50K
 >50K, >50K
 <=50K, <=50K
 >50K, >50K
 <=50K, <=50K
 <=50K, <=50K
 >50K, <=50K
 <=50K, <=50K
 <=50K, <=50K
 <=50K, >50K
 <=50K, <=50K
 <=50K, <=50K
 >50K, >50K
 <=50K, <=50K
 <=50K, <=50K
 >50K, >50K
 <=50K, <=50K
 <=50K, <=50K
 <=50K, <=50K
 <=50K, <=50K
 <=50K, <=50K
 >50K, <=50K
 <=50K, <=50K
 <=50K, <=50K
 <=50K, <=50K
 <=50K, >50K
 >50K, <=50K
 >50K, >50K
 <=50K, <=50K
 <=50K, <=50K
 <=50K, <=50K
 <=50K, <=50K
 <=50K, <=50K
 <=50K, <=50K
 <=50K, <=50K
 >50K, >50K
 <=50K, <=50K
 <=50K, <=50K
 <=50K, <=50K
 <=50K, <=50K
 <=50K, <=50K
 <=50K, <=50K
 <=50K, <=50K
 >50K, >50K
 <=50K, <=50K
 <=50K, <=50K
 >50K, <=50K
 <=50K, <=50K
 <=50K, <=50K
 <=50K, <=50K
 >50K, >50K
 <=50K, <=50K
 <=50K, <=50K
 <=50K, <=50K
 >50K, >50K
 <=50K, <=50K
 >50K, >50K
 >50K, <=50K
 <=50K, <=50K
 <=50K, <=50K
 <=50K, <=50K
 <=50K, <=50K
 <=50K, <=50K
 <=50K, >50K
 <=50K, >50K
 >50K, >50K
 <=50K, >50K
 <=50K, <=50K
 <=50K, <=50K
 <=50K, <=50K
 >50K, <=50K
 <=50K, <=50K
 <=50K, <=50K
 <=50K, <=50K
 <=50K, <=50K
 <=50K, <=50K
 <=50K, <=50K
 <=50K, <=50K
 >50K, >50K
 <=50K, <=50K
 >50K, >50K
 <=50K, <=50K
 <=50K, <=50K
 <=50K, <=50K
 <=50K, <=50K
 <=50K, <=50K
 <=50K, <=50K
 <=50K, <=50K
 <=50K, <=50K
 <=50K, <=50K
 <=50K, <=50K
 <=50K, <=50K
 <=50K, >50K
 >50K, <=50K
 <=50K, <=50K
 <=50K, <=50K
 <=50K, <=50K
 <=50K, <=50K
 <=50K, <=50K
 <=50K, <=50K
 <=50K, <=50K
 >50K, >50K
 <=50K, <=50K
 <=50K, <=50K
 <=50K, <=50K
 <=50K, <=50K
 >50K, <=50K
 <=50K, <=50K
 >50K, >50K
 >50K, >50K
 <=50K, <=50K
 <=50K, <=50K
 <=50K, <=50K
 >50K, >50K
 <=50K, <=50K
 >50K, <=50K
 <=50K, <=50K
 >50K, <=50K
 <=50K, <=50K
 <=50K, <=50K
 <=50K, <=50K
 <=50K, <=50K
 <=50K, <=50K
 >50K, <=50K
 <=50K, <=50K
 <=50K, >50K
 <=50K, <=50K
 >50K, <=50K
 <=50K, <=50K
 >50K, >50K
 <=50K, <=50K
 >50K, <=50K
 <=50K, <=50K
 <=50K, >50K
 <=50K, <=50K
 >50K, >50K
 >50K, >50K
 <=50K, <=50K
 <=50K, <=50K
 >50K, <=50K
 <=50K, <=50K
 >50K, <=50K
 <=50K, <=50K
 >50K, >50K
 <=50K, <=50K
 <=50K, <=50K
 <=50K, <=50K
 >50K, >50K
 >50K, >50K
 <=50K, <=50K
 <=50K, <=50K
 <=50K, >50K
 <=50K, <=50K
 <=50K, <=50K
 <=50K, <=50K
 <=50K, <=50K
 <=50K, <=50K
 <=50K, <=50K
 >50K, >50K
 <=50K, <=50K
 <=50K, <=50K
 <=50K, >50K
 <=50K, <=50K
 <=50K, <=50K
 <=50K, >50K
 <=50K, <=50K
 >50K, <=50K
 >50K, <=50K
 >50K, <=50K
 >50K, <=50K
 <=50K, >50K
 <=50K, <=50K
 <=50K, <=50K
 <=50K, <=50K
 <=50K, <=50K
 <=50K, <=50K
 <=50K, >50K
 <=50K, <=50K
 >50K, >50K
 <=50K, <=50K
 <=50K, <=50K
 <=50K, <=50K
 <=50K, <=50K
 <=50K, >50K
 <=50K, <=50K
 <=50K, <=50K
 <=50K, >50K
 <=50K, >50K
 <=50K, <=50K
 >50K, <=50K
 <=50K, >50K
 <=50K, <=50K
 <=50K, <=50K
 <=50K, >50K
 <=50K, >50K
 <=50K, <=50K
 <=50K, >50K
 <=50K, <=50K
 <=50K, <=50K
 <=50K, <=50K
 >50K, >50K
 >50K, <=50K
 >50K, <=50K
 >50K, >50K
 <=50K, >50K
 <=50K, >50K
 <=50K, <=50K
 >50K, >50K
 >50K, <=50K
 <=50K, <=50K
 <=50K, <=50K
 <=50K, <=50K
 >50K, <=50K
 <=50K, <=50K
 >50K, >50K
 <=50K, <=50K
 <=50K, <=50K
 <=50K, <=50K
 >50K, >50K
 >50K, >50K
 <=50K, <=50K
 <=50K, <=50K
 <=50K, <=50K
 >50K, <=50K
 <=50K, <=50K
 <=50K, <=50K
 <=50K, <=50K
 <=50K, >50K
 <=50K, <=50K
 <=50K, >50K
 <=50K, <=50K
 <=50K, <=50K
 <=50K, <=50K
 <=50K, <=50K
 <=50K, <=50K
 <=50K, <=50K
 <=50K, >50K
 <=50K, <=50K
 <=50K, >50K
 <=50K, <=50K
 <=50K, <=50K
 <=50K, <=50K
 >50K, >50K
 <=50K, <=50K
 >50K, <=50K
 <=50K, >50K
 <=50K, <=50K
 <=50K, <=50K
 <=50K, <=50K
 <=50K, <=50K
 <=50K, >50K
 <=50K, <=50K
 <=50K, <=50K
 <=50K, <=50K
 <=50K, <=50K
 >50K, >50K
 >50K, <=50K
 <=50K, <=50K
 <=50K, <=50K
 <=50K, <=50K
 <=50K, <=50K
 <=50K, >50K
 <=50K, <=50K
 <=50K, <=50K
 <=50K, <=50K
 <=50K, >50K
 <=50K, >50K
 <=50K, <=50K
 <=50K, <=50K
 <=50K, <=50K
 >50K, <=50K
 <=50K, <=50K
 <=50K, <=50K
 <=50K, <=50K
 >50K, >50K
 >50K, >50K
 <=50K, <=50K
 <=50K, <=50K
 <=50K, <=50K
 >50K, >50K
 <=50K, <=50K
 <=50K, <=50K
 <=50K, <=50K
 >50K, >50K
 >50K, <=50K
 <=50K, <=50K
 <=50K, >50K
 >50K, >50K
 <=50K, <=50K
 >50K, <=50K
 <=50K, <=50K
 <=50K, <=50K
 <=50K, <=50K
 >50K, >50K
 <=50K, <=50K
 <=50K, <=50K
 <=50K, <=50K
 <=50K, <=50K
 <=50K, <=50K
 <=50K, <=50K
 <=50K, <=50K
 <=50K, <=50K
 <=50K, <=50K
 <=50K, <=50K
 <=50K, <=50K
 <=50K, <=50K
 <=50K, <=50K
 <=50K, <=50K
 <=50K, >50K
 <=50K, <=50K
 <=50K, <=50K
 >50K, >50K
 <=50K, <=50K
 <=50K, <=50K
 <=50K, <=50K
 <=50K, <=50K
 <=50K, <=50K
 <=50K, <=50K
 <=50K, <=50K
 <=50K, <=50K
 <=50K, <=50K
 >50K, <=50K
 <=50K, <=50K
 <=50K, <=50K
 <=50K, <=50K
 >50K, <=50K
 >50K, >50K
 <=50K, <=50K
 <=50K, >50K
 >50K, <=50K
 >50K, >50K
 <=50K, <=50K
 <=50K, <=50K
 <=50K, <=50K
 <=50K, <=50K
 >50K, <=50K
 <=50K, >50K
 <=50K, <=50K
 <=50K, <=50K
 <=50K, <=50K
 >50K, <=50K
 <=50K, <=50K
 >50K, >50K
 <=50K, <=50K
 <=50K, <=50K
 <=50K, <=50K
 <=50K, <=50K
 >50K, >50K
 >50K, <=50K
 >50K, >50K
 <=50K, >50K
 <=50K, <=50K
 <=50K, <=50K
 <=50K, <=50K
 >50K, >50K
 <=50K, <=50K
 <=50K, <=50K
 <=50K, <=50K
 <=50K, >50K
 >50K, >50K
 <=50K, <=50K
 <=50K, <=50K
 <=50K, <=50K
 >50K, <=50K
 <=50K, <=50K
 <=50K, <=50K
 >50K, >50K
 <=50K, <=50K
 <=50K, <=50K
 <=50K, <=50K
 <=50K, <=50K
 >50K, >50K
 <=50K, <=50K
 <=50K, <=50K
 <=50K, <=50K
 <=50K, <=50K
 <=50K, <=50K
 <=50K, <=50K
 >50K, <=50K
 <=50K, >50K
 <=50K, <=50K
 >50K, <=50K
 <=50K, <=50K
 >50K, >50K
 >50K, <=50K
 <=50K, >50K
 >50K, >50K
 <=50K, <=50K
 >50K, >50K
 >50K, <=50K
 >50K, <=50K
 <=50K, >50K
 <=50K, <=50K
 <=50K, <=50K
 <=50K, <=50K
 <=50K, <=50K
 <=50K, <=50K
 <=50K, <=50K
 <=50K, <=50K
 <=50K, <=50K
 >50K, >50K
 <=50K, <=50K
 <=50K, <=50K
 <=50K, <=50K
 <=50K, >50K
 <=50K, <=50K
 <=50K, <=50K
 >50K, >50K
 >50K, <=50K
 <=50K, <=50K
 <=50K, <=50K
 <=50K, <=50K
 >50K, <=50K
 <=50K, <=50K
 >50K, <=50K
 <=50K, >50K
 <=50K, <=50K
 >50K, >50K
 >50K, >50K
 <=50K, <=50K
 <=50K, <=50K
 <=50K, <=50K
 <=50K, <=50K
 >50K, <=50K
 <=50K, <=50K
 <=50K, <=50K
 >50K, <=50K
 <=50K, <=50K
 >50K, >50K
 <=50K, <=50K
 <=50K, <=50K
 >50K, <=50K
 <=50K, <=50K
 >50K, >50K
 <=50K, <=50K
 <=50K, <=50K
 >50K, <=50K
 <=50K, <=50K
 <=50K, <=50K
 <=50K, <=50K
 <=50K, <=50K
 <=50K, <=50K
 >50K, >50K
 >50K, <=50K
 >50K, >50K
 <=50K, <=50K
 <=50K, <=50K
 >50K, <=50K
 <=50K, >50K
 <=50K, <=50K
 <=50K, <=50K
 <=50K, <=50K
 <=50K, <=50K
 <=50K, <=50K
 <=50K, <=50K
 <=50K, >50K
 <=50K, <=50K
 <=50K, <=50K
 <=50K, <=50K
 <=50K, <=50K
 <=50K, <=50K
 <=50K, <=50K
 >50K, <=50K
 <=50K, <=50K
 >50K, >50K
 >50K, >50K
 <=50K, <=50K
 >50K, <=50K
 <=50K, <=50K
 <=50K, >50K
 <=50K, <=50K
 >50K, >50K
 <=50K, <=50K
 <=50K, <=50K
 <=50K, <=50K
 <=50K, <=50K
 <=50K, <=50K
 <=50K, <=50K
 >50K, <=50K
 <=50K, <=50K
 <=50K, <=50K
 >50K, >50K
 <=50K, <=50K
 >50K, >50K
 >50K, >50K
 <=50K, <=50K
 <=50K, >50K
 >50K, <=50K
 <=50K, <=50K
 <=50K, <=50K
 <=50K, <=50K
 <=50K, <=50K
 <=50K, <=50K
 >50K, <=50K
 <=50K, <=50K
 >50K, >50K
 <=50K, >50K
 <=50K, >50K
 <=50K, <=50K
 <=50K, <=50K
 >50K, >50K
 <=50K, <=50K
 <=50K, <=50K
 <=50K, <=50K
 <=50K, <=50K
 >50K, <=50K
 >50K, <=50K
 <=50K, <=50K
 <=50K, >50K
 <=50K, <=50K
 <=50K, <=50K
 <=50K, <=50K
 <=50K, <=50K
 <=50K, <=50K
 <=50K, >50K
 <=50K, <=50K
 <=50K, <=50K
 <=50K, <=50K
 <=50K, >50K
 >50K, <=50K
 <=50K, <=50K
 <=50K, <=50K
 <=50K, <=50K
 <=50K, <=50K
 >50K, >50K
 >50K, >50K
 <=50K, <=50K
 >50K, <=50K
 <=50K, <=50K
 <=50K, <=50K
 <=50K, <=50K
 >50K, >50K
 <=50K, <=50K
 <=50K, <=50K
 >50K, <=50K
 <=50K, <=50K
 <=50K, <=50K
 <=50K, <=50K
 <=50K, <=50K
 >50K, <=50K
 <=50K, <=50K
 <=50K, <=50K
 >50K, <=50K
 <=50K, >50K
 <=50K, <=50K
 <=50K, <=50K
 <=50K, <=50K
 <=50K, >50K
 >50K, <=50K
 >50K, >50K
 <=50K, <=50K
 <=50K, <=50K
 <=50K, <=50K
 <=50K, <=50K
 <=50K, <=50K
 <=50K, <=50K
 <=50K, <=50K
 <=50K, <=50K
 <=50K, >50K
 <=50K, <=50K
 <=50K, <=50K
 <=50K, <=50K
 <=50K, <=50K
 <=50K, <=50K
 >50K, <=50K
 >50K, <=50K
 <=50K, <=50K
 <=50K, <=50K
 <=50K, <=50K
 <=50K, <=50K
 <=50K, >50K
 <=50K, <=50K
 <=50K, >50K
 <=50K, <=50K
 >50K, <=50K
 <=50K, <=50K
 <=50K, <=50K
 <=50K, <=50K
 >50K, >50K
 <=50K, <=50K
 <=50K, <=50K
 <=50K, <=50K
 <=50K, <=50K
 <=50K, <=50K
 >50K, >50K
 <=50K, <=50K
 >50K, <=50K
 <=50K, <=50K
 <=50K, <=50K
 <=50K, <=50K
 <=50K, <=50K
 <=50K, >50K
 >50K, >50K
 <=50K, >50K
 >50K, >50K
 <=50K, <=50K
 <=50K, >50K
 <=50K, >50K
 <=50K, <=50K
 <=50K, <=50K
 <=50K, <=50K
 >50K, >50K
 <=50K, <=50K
 <=50K, <=50K
 <=50K, <=50K
 >50K, <=50K
 >50K, <=50K
 <=50K, <=50K
 <=50K, <=50K
 <=50K, <=50K
 <=50K, <=50K
 >50K, <=50K
 <=50K, <=50K
 <=50K, <=50K
 <=50K, <=50K
 >50K, >50K
 <=50K, <=50K
 >50K, <=50K
 <=50K, <=50K
 <=50K, <=50K
 <=50K, <=50K
 <=50K, <=50K
 <=50K, <=50K
 <=50K, <=50K
 <=50K, >50K
 <=50K, <=50K
 <=50K, <=50K
 <=50K, <=50K
 <=50K, <=50K
 <=50K, <=50K
 <=50K, <=50K
 >50K, >50K
 >50K, <=50K
 <=50K, <=50K
 >50K, >50K
 >50K, <=50K
 <=50K, <=50K
 <=50K, <=50K
 <=50K, <=50K
 <=50K, <=50K
 <=50K, <=50K
 <=50K, <=50K
 <=50K, <=50K
 <=50K, <=50K
 <=50K, >50K
 <=50K, <=50K
 <=50K, <=50K
 >50K, <=50K
 <=50K, <=50K
 <=50K, <=50K
 <=50K, <=50K
 <=50K, <=50K
 <=50K, <=50K
 <=50K, <=50K
 <=50K, <=50K
 <=50K, <=50K
 <=50K, <=50K
 <=50K, <=50K
 <=50K, >50K
 <=50K, <=50K
 <=50K, >50K
 <=50K, <=50K
 <=50K, <=50K
 <=50K, <=50K
 >50K, >50K
 <=50K, >50K
 >50K, >50K
 >50K, >50K
 <=50K, >50K
 <=50K, <=50K
 >50K, <=50K
 <=50K, <=50K
 <=50K, >50K
 <=50K, <=50K
 <=50K, <=50K
 >50K, <=50K
 <=50K, <=50K
 <=50K, <=50K
 <=50K, <=50K
 <=50K, <=50K
 <=50K, >50K
 >50K, <=50K
 >50K, <=50K
 <=50K, <=50K
 <=50K, <=50K
 <=50K, <=50K
 <=50K, <=50K
 <=50K, <=50K
 <=50K, <=50K
 <=50K, >50K
 <=50K, >50K
 <=50K, <=50K
 <=50K, <=50K
 <=50K, <=50K
 >50K, <=50K
 <=50K, <=50K
 >50K, >50K
 <=50K, >50K
 >50K, <=50K
 >50K, >50K
 <=50K, >50K
 <=50K, <=50K
 <=50K, <=50K
 <=50K, <=50K
 <=50K, <=50K
 <=50K, <=50K
 <=50K, <=50K
 <=50K, <=50K
 <=50K, <=50K
 >50K, >50K
 <=50K, <=50K
 <=50K, <=50K
 <=50K, <=50K
 <=50K, <=50K
 <=50K, <=50K
 <=50K, <=50K
 <=50K, <=50K
 <=50K, <=50K
 >50K, <=50K
 >50K, <=50K
 <=50K, <=50K
 <=50K, >50K
 <=50K, <=50K
 <=50K, <=50K
 <=50K, >50K
 >50K, <=50K
 <=50K, >50K
 <=50K, <=50K
 >50K, >50K
 <=50K, <=50K
 <=50K, <=50K
 <=50K, <=50K
 <=50K, <=50K
 >50K, >50K
 <=50K, <=50K
 <=50K, <=50K
 <=50K, >50K
 >50K, >50K
 >50K, >50K
 <=50K, <=50K
 <=50K, <=50K
 <=50K, <=50K
 >50K, <=50K
 >50K, >50K
 <=50K, <=50K
 <=50K, <=50K
 >50K, >50K
 <=50K, <=50K
 <=50K, <=50K
 <=50K, <=50K
 >50K, <=50K
 <=50K, >50K
 <=50K, <=50K
 <=50K, <=50K
 <=50K, <=50K
 <=50K, <=50K
 <=50K, <=50K
 <=50K, <=50K
 >50K, <=50K
 <=50K, <=50K
 >50K, >50K
 >50K, <=50K
 <=50K, <=50K
 >50K, >50K
 <=50K, <=50K
 <=50K, <=50K
 <=50K, <=50K
 <=50K, <=50K
 <=50K, <=50K
 >50K, <=50K
 <=50K, <=50K
 <=50K, <=50K
 >50K, >50K
 >50K, >50K
 >50K, >50K
 <=50K, <=50K
 <=50K, <=50K
 <=50K, <=50K
 <=50K, <=50K
 >50K, >50K
 <=50K, <=50K
 <=50K, <=50K
 >50K, >50K
 >50K, >50K
 <=50K, <=50K
 <=50K, >50K
 <=50K, >50K
 <=50K, <=50K
 <=50K, <=50K
 <=50K, <=50K
 <=50K, <=50K
 <=50K, <=50K
 <=50K, >50K
 <=50K, <=50K
 <=50K, <=50K
 <=50K, <=50K
 <=50K, <=50K
 >50K, <=50K
 <=50K, <=50K
 <=50K, <=50K
 <=50K, >50K
 <=50K, <=50K
 <=50K, >50K
 <=50K, <=50K
 >50K, <=50K
 <=50K, >50K
 <=50K, >50K
 <=50K, <=50K
 <=50K, <=50K
 <=50K, <=50K
 <=50K, <=50K
 <=50K, <=50K
 <=50K, >50K
 <=50K, <=50K
 <=50K, <=50K
 <=50K, >50K
 <=50K, <=50K
 >50K, >50K
 <=50K, <=50K
 <=50K, <=50K
 >50K, >50K
 >50K, <=50K
 >50K, <=50K
 <=50K, <=50K
 <=50K, <=50K
 <=50K, <=50K
 <=50K, <=50K
 <=50K, <=50K
 <=50K, <=50K
 <=50K, <=50K
 <=50K, >50K
 <=50K, <=50K
 <=50K, <=50K
 >50K, <=50K
 <=50K, >50K
 >50K, <=50K
 >50K, >50K
 <=50K, >50K
 <=50K, <=50K
 >50K, <=50K
 <=50K, >50K
 >50K, <=50K
 <=50K, <=50K
 <=50K, <=50K
 <=50K, >50K
 <=50K, <=50K
 <=50K, <=50K
 <=50K, <=50K
 >50K, >50K
 >50K, >50K
 <=50K, <=50K
 >50K, >50K
 <=50K, <=50K
 <=50K, <=50K
 <=50K, >50K
 >50K, >50K
 <=50K, <=50K
 <=50K, <=50K
 <=50K, <=50K
 >50K, >50K
 <=50K, <=50K
 <=50K, <=50K
 <=50K, <=50K
 >50K, >50K
 <=50K, <=50K
 <=50K, <=50K
 <=50K, <=50K
 <=50K, <=50K
 >50K, <=50K
 <=50K, <=50K
 >50K, <=50K
 <=50K, <=50K
 >50K, >50K
 <=50K, <=50K
 <=50K, <=50K
 <=50K, <=50K
 <=50K, <=50K
 <=50K, <=50K
 <=50K, <=50K
 >50K, <=50K
 <=50K, <=50K
 >50K, <=50K
 >50K, <=50K
 <=50K, <=50K
 <=50K, <=50K
 <=50K, <=50K
 >50K, >50K
 <=50K, <=50K
 <=50K, >50K
 <=50K, <=50K
 <=50K, >50K
 <=50K, <=50K
 <=50K, <=50K
 <=50K, >50K
 <=50K, <=50K
 >50K, >50K
 >50K, >50K
 <=50K, <=50K
 <=50K, <=50K
 <=50K, >50K
 >50K, <=50K
 >50K, >50K
 <=50K, <=50K
 <=50K, >50K
 >50K, <=50K
 <=50K, >50K
 <=50K, <=50K
 <=50K, <=50K
 >50K, <=50K
 <=50K, <=50K
 <=50K, <=50K
 >50K, <=50K
 <=50K, <=50K
 <=50K, <=50K
 >50K, <=50K
 >50K, <=50K
 <=50K, <=50K
 <=50K, <=50K
 >50K, >50K
 >50K, >50K
 <=50K, <=50K
 >50K, >50K
 >50K, >50K
 >50K, <=50K
 <=50K, <=50K
 <=50K, <=50K
 <=50K, <=50K
 <=50K, >50K
 <=50K, <=50K
 <=50K, <=50K
 <=50K, >50K
 >50K, <=50K
 <=50K, <=50K
 <=50K, <=50K
 <=50K, <=50K
 <=50K, <=50K
 >50K, >50K
 <=50K, <=50K
 <=50K, <=50K
 <=50K, <=50K
 <=50K, <=50K
 >50K, >50K
 <=50K, <=50K
 <=50K, <=50K
 <=50K, <=50K
 <=50K, <=50K
 <=50K, <=50K
 >50K, >50K
 <=50K, <=50K
 >50K, <=50K
 >50K, >50K
 <=50K, <=50K
 <=50K, <=50K
 <=50K, <=50K
 <=50K, <=50K
 <=50K, <=50K
 <=50K, <=50K
 <=50K, >50K
 <=50K, <=50K
 <=50K, <=50K
 <=50K, <=50K
 <=50K, <=50K
 >50K, <=50K
 <=50K, <=50K
 <=50K, <=50K
 >50K, <=50K
 <=50K, <=50K
 <=50K, <=50K
 <=50K, <=50K
 <=50K, <=50K
 >50K, >50K
 <=50K, <=50K
 <=50K, <=50K
 <=50K, <=50K
 >50K, >50K
 >50K, <=50K
 >50K, <=50K
 <=50K, <=50K
 <=50K, <=50K
 <=50K, <=50K
 >50K, <=50K
 <=50K, <=50K
 <=50K, >50K
 >50K, <=50K
 <=50K, <=50K
 <=50K, <=50K
 <=50K, <=50K
 <=50K, <=50K
 <=50K, <=50K
 <=50K, >50K
 <=50K, <=50K
 <=50K, <=50K
 <=50K, <=50K
 >50K, <=50K
 <=50K, <=50K
 <=50K, <=50K
 <=50K, <=50K
 >50K, <=50K
 <=50K, >50K
 <=50K, <=50K
 <=50K, <=50K
 <=50K, <=50K
 <=50K, <=50K
 <=50K, <=50K
 <=50K, <=50K
 <=50K, <=50K
 <=50K, <=50K
 <=50K, <=50K
 >50K, >50K
 <=50K, >50K
 <=50K, <=50K
 <=50K, <=50K
 <=50K, <=50K
 <=50K, >50K
 <=50K, <=50K
 <=50K, <=50K
 <=50K, >50K
 >50K, <=50K
 >50K, >50K
 <=50K, >50K
 <=50K, <=50K
 <=50K, <=50K
 <=50K, <=50K
 <=50K, >50K
 <=50K, <=50K
 <=50K, <=50K
 <=50K, <=50K
 <=50K, <=50K
 <=50K, <=50K
 <=50K, <=50K
 <=50K, <=50K
 <=50K, <=50K
 <=50K, <=50K
 >50K, <=50K
 >50K, >50K
 <=50K, <=50K
 <=50K, <=50K
 <=50K, >50K
 <=50K, <=50K
 <=50K, <=50K
 <=50K, <=50K
 <=50K, <=50K
 >50K, >50K
 <=50K, <=50K
 <=50K, >50K
 <=50K, <=50K
 <=50K, <=50K
 <=50K, <=50K
 <=50K, <=50K
 <=50K, <=50K
 <=50K, <=50K
 <=50K, <=50K
 >50K, >50K
 <=50K, <=50K
 <=50K, <=50K
 <=50K, <=50K
 <=50K, <=50K
 <=50K, <=50K
 <=50K, <=50K
 >50K, >50K
 <=50K, <=50K
 <=50K, <=50K
 <=50K, <=50K
 >50K, <=50K
 <=50K, <=50K
 <=50K, <=50K
 >50K, >50K
 <=50K, <=50K
 >50K, <=50K
 <=50K, <=50K
 <=50K, <=50K
 <=50K, <=50K
 <=50K, <=50K
 <=50K, <=50K
 >50K, >50K
 >50K, >50K
 <=50K, <=50K
 <=50K, <=50K
 >50K, >50K
 <=50K, <=50K
 <=50K, <=50K
 <=50K, <=50K
 <=50K, <=50K
 >50K, <=50K
 <=50K, <=50K
 <=50K, <=50K
 <=50K, <=50K
 <=50K, <=50K
 <=50K, <=50K
 <=50K, <=50K
 >50K, >50K
 >50K, <=50K
 <=50K, <=50K
 >50K, >50K
 <=50K, <=50K
 <=50K, >50K
 >50K, >50K
 <=50K, <=50K
 <=50K, <=50K
 <=50K, <=50K
 <=50K, <=50K
 >50K, >50K
 <=50K, <=50K
 <=50K, <=50K
 <=50K, <=50K
 >50K, <=50K
 <=50K, <=50K
 <=50K, >50K
 <=50K, >50K
 <=50K, <=50K
 <=50K, <=50K
 <=50K, <=50K
 <=50K, <=50K
 >50K, >50K
 <=50K, <=50K
 <=50K, <=50K
 <=50K, <=50K
 <=50K, <=50K
 <=50K, <=50K
 <=50K, <=50K
 <=50K, <=50K
 <=50K, <=50K
 >50K, >50K
 <=50K, <=50K
 <=50K, <=50K
 <=50K, <=50K
 <=50K, <=50K
 <=50K, <=50K
 <=50K, <=50K
 >50K, <=50K
 <=50K, <=50K
 <=50K, <=50K
 <=50K, <=50K
 <=50K, <=50K
 <=50K, <=50K
 >50K, >50K
 <=50K, <=50K
 <=50K, <=50K
 <=50K, <=50K
 <=50K, <=50K
 <=50K, <=50K
 <=50K, <=50K
 <=50K, >50K
 >50K, <=50K
 <=50K, <=50K
 <=50K, >50K
 <=50K, >50K
 >50K, <=50K
 <=50K, <=50K
 <=50K, <=50K
 <=50K, <=50K
 <=50K, <=50K
 <=50K, >50K
 <=50K, <=50K
 <=50K, >50K
 <=50K, <=50K
 <=50K, <=50K
 <=50K, <=50K
 <=50K, <=50K
 <=50K, <=50K
 <=50K, <=50K
 <=50K, <=50K
 <=50K, <=50K
 >50K, >50K
 <=50K, <=50K
 >50K, <=50K
 <=50K, <=50K
 <=50K, <=50K
 <=50K, <=50K
 <=50K, <=50K
 <=50K, <=50K
 <=50K, <=50K
 <=50K, <=50K
 <=50K, <=50K
 >50K, >50K
 <=50K, <=50K
 <=50K, <=50K
 <=50K, >50K
 >50K, <=50K
 >50K, <=50K
 <=50K, <=50K
 <=50K, <=50K
 <=50K, <=50K
 >50K, <=50K
 >50K, >50K
 >50K, >50K
 >50K, >50K
 >50K, >50K
 <=50K, <=50K
 <=50K, <=50K
 >50K, <=50K
 >50K, <=50K
 <=50K, <=50K
 <=50K, >50K
 >50K, <=50K
 <=50K, <=50K
 <=50K, <=50K
 <=50K, >50K
 <=50K, <=50K
 <=50K, >50K
 <=50K, <=50K
 >50K, >50K
 <=50K, <=50K
 <=50K, <=50K
 <=50K, <=50K
 <=50K, <=50K
 <=50K, <=50K
 <=50K, <=50K
 >50K, >50K
 <=50K, <=50K
 <=50K, <=50K
 <=50K, <=50K
 <=50K, >50K
 <=50K, <=50K
 >50K, <=50K
 >50K, <=50K
 <=50K, <=50K
 <=50K, <=50K
 <=50K, <=50K
 <=50K, <=50K
 >50K, >50K
 >50K, <=50K
 <=50K, <=50K
 <=50K, <=50K
 <=50K, <=50K
 >50K, >50K
 <=50K, >50K
 <=50K, <=50K
 <=50K, <=50K
 <=50K, >50K
 <=50K, <=50K
 <=50K, >50K
 <=50K, <=50K
 >50K, <=50K
 <=50K, <=50K
 >50K, <=50K
 <=50K, <=50K
 <=50K, <=50K
 <=50K, >50K
 <=50K, >50K
 <=50K, <=50K
 <=50K, <=50K
 <=50K, <=50K
 >50K, >50K
 <=50K, <=50K
 >50K, >50K
 <=50K, <=50K
 >50K, >50K
 <=50K, <=50K
 <=50K, <=50K
 <=50K, >50K
 >50K, >50K
 <=50K, <=50K
 <=50K, <=50K
 <=50K, <=50K
 <=50K, <=50K
 <=50K, <=50K
 <=50K, <=50K
 <=50K, <=50K
 <=50K, <=50K
 >50K, <=50K
 >50K, <=50K
 <=50K, <=50K
 <=50K, <=50K
 <=50K, <=50K
 <=50K, <=50K
 <=50K, <=50K
 >50K, >50K
 <=50K, <=50K
 <=50K, >50K
 <=50K, <=50K
 <=50K, <=50K
 <=50K, <=50K
 <=50K, <=50K
 <=50K, <=50K
 <=50K, <=50K
 <=50K, <=50K
 <=50K, <=50K
 <=50K, <=50K
 <=50K, <=50K
 <=50K, <=50K
 <=50K, <=50K
 <=50K, <=50K
 <=50K, >50K
 >50K, <=50K
 <=50K, <=50K
 <=50K, >50K
 <=50K, >50K
 >50K, >50K
 <=50K, >50K
 <=50K, <=50K
 <=50K, <=50K
 <=50K, <=50K
 >50K, >50K
 <=50K, <=50K
 <=50K, <=50K
 >50K, >50K
 <=50K, <=50K
 <=50K, <=50K
 <=50K, <=50K
 <=50K, <=50K
 >50K, >50K
 <=50K, <=50K
 >50K, <=50K
 <=50K, <=50K
 <=50K, <=50K
 <=50K, <=50K
 <=50K, <=50K
 <=50K, <=50K
 >50K, <=50K
 <=50K, <=50K
 <=50K, >50K
 <=50K, <=50K
 <=50K, <=50K
 <=50K, >50K
 <=50K, <=50K
 <=50K, <=50K
 <=50K, <=50K
 <=50K, <=50K
 <=50K, <=50K
 <=50K, <=50K
 <=50K, <=50K
 <=50K, <=50K
 <=50K, <=50K
 <=50K, <=50K
 <=50K, <=50K
 >50K, >50K
 <=50K, <=50K
 <=50K, <=50K
 <=50K, <=50K
 <=50K, <=50K
 >50K, <=50K
 <=50K, <=50K
 >50K, >50K
 <=50K, <=50K
 >50K, >50K
 <=50K, >50K
 <=50K, <=50K
 <=50K, <=50K
 <=50K, <=50K
 <=50K, <=50K
 <=50K, <=50K
 <=50K, <=50K
 >50K, >50K
 <=50K, <=50K
 <=50K, <=50K
 <=50K, <=50K
 <=50K, <=50K
 <=50K, <=50K
 <=50K, <=50K
 <=50K, <=50K
 >50K, <=50K
 <=50K, >50K
 <=50K, <=50K
 <=50K, <=50K
 >50K, <=50K
 <=50K, <=50K
 <=50K, <=50K
 <=50K, <=50K
 <=50K, <=50K
 >50K, >50K
 <=50K, <=50K
 >50K, <=50K
 <=50K, >50K
 <=50K, <=50K
 <=50K, <=50K
 >50K, <=50K
 >50K, >50K
 <=50K, <=50K
 <=50K, <=50K
 <=50K, >50K
 <=50K, <=50K
 <=50K, <=50K
 <=50K, <=50K
 <=50K, <=50K
 <=50K, <=50K
 >50K, <=50K
 >50K, <=50K
 <=50K, <=50K
 <=50K, >50K
 <=50K, <=50K
 <=50K, <=50K
 <=50K, <=50K
 >50K, >50K
 <=50K, <=50K
 <=50K, <=50K
 <=50K, <=50K
 <=50K, <=50K
 <=50K, >50K
 <=50K, <=50K
 <=50K, <=50K
 <=50K, <=50K
 <=50K, <=50K
 <=50K, >50K
 <=50K, <=50K
 <=50K, <=50K
 >50K, <=50K
 >50K, <=50K
 <=50K, <=50K
 >50K, <=50K
 <=50K, >50K
 <=50K, <=50K
 >50K, <=50K
 >50K, <=50K
 >50K, >50K
 >50K, >50K
 >50K, >50K
 >50K, <=50K
 <=50K, <=50K
 <=50K, <=50K
 <=50K, >50K
 <=50K, >50K
 <=50K, <=50K
 <=50K, <=50K
 <=50K, <=50K
 <=50K, <=50K
 >50K, <=50K
 <=50K, <=50K
 <=50K, >50K
 >50K, >50K
 <=50K, <=50K
 >50K, <=50K
 <=50K, >50K
 <=50K, <=50K
 <=50K, <=50K
 <=50K, <=50K
 <=50K, <=50K
 <=50K, >50K
 <=50K, <=50K
 <=50K, >50K
 <=50K, <=50K
 <=50K, <=50K
 <=50K, <=50K
 <=50K, <=50K
 >50K, <=50K
 <=50K, <=50K
 <=50K, <=50K
 <=50K, <=50K
 <=50K, <=50K
 <=50K, <=50K
 <=50K, >50K
 <=50K, <=50K
 <=50K, <=50K
 <=50K, <=50K
 <=50K, <=50K
 >50K, >50K
 <=50K, <=50K
 <=50K, <=50K
 <=50K, <=50K
 >50K, >50K
 <=50K, <=50K
 <=50K, <=50K
 <=50K, <=50K
 >50K, <=50K
 >50K, <=50K
 >50K, >50K
 <=50K, <=50K
 >50K, <=50K
 <=50K, <=50K
 <=50K, <=50K
 >50K, >50K
 >50K, <=50K
 >50K, <=50K
 <=50K, <=50K
 <=50K, <=50K
 <=50K, >50K
 >50K, <=50K
 <=50K, <=50K
 <=50K, <=50K
 <=50K, >50K
 <=50K, <=50K
 <=50K, <=50K
 <=50K, >50K
 <=50K, <=50K
 <=50K, <=50K
 <=50K, <=50K
 <=50K, <=50K
 >50K, <=50K
 <=50K, >50K
 <=50K, <=50K
 <=50K, <=50K
 <=50K, <=50K
 <=50K, <=50K
 <=50K, <=50K
 <=50K, <=50K
 <=50K, >50K
 >50K, <=50K
 >50K, <=50K
 <=50K, <=50K
 <=50K, <=50K
 >50K, <=50K
 <=50K, <=50K
 >50K, <=50K
 <=50K, <=50K
 <=50K, <=50K
 <=50K, <=50K
 <=50K, <=50K
 <=50K, <=50K
 <=50K, <=50K
 <=50K, >50K
 <=50K, <=50K
 <=50K, <=50K
 <=50K, <=50K
 <=50K, <=50K
 <=50K, <=50K
 <=50K, <=50K
 <=50K, <=50K
 <=50K, <=50K
 <=50K, <=50K
 <=50K, <=50K
 <=50K, <=50K
 <=50K, <=50K
 <=50K, <=50K
 <=50K, <=50K
 <=50K, <=50K
 <=50K, <=50K
 <=50K, <=50K
 <=50K, <=50K
 <=50K, <=50K
 >50K, <=50K
 >50K, >50K
 <=50K, >50K
 <=50K, <=50K
 <=50K, <=50K
 <=50K, <=50K
 <=50K, <=50K
 <=50K, <=50K
 <=50K, <=50K
 >50K, >50K
 <=50K, <=50K
 <=50K, <=50K
 <=50K, <=50K
 <=50K, <=50K
 <=50K, <=50K
 <=50K, <=50K
 <=50K, <=50K
 >50K, >50K
 <=50K, <=50K
 >50K, <=50K
 <=50K, <=50K
 <=50K, <=50K
 <=50K, <=50K
 <=50K, <=50K
 <=50K, <=50K
 <=50K, <=50K
 >50K, <=50K
 <=50K, <=50K
 <=50K, <=50K
 <=50K, >50K
 <=50K, <=50K
 <=50K, <=50K
 >50K, <=50K
 >50K, >50K
 <=50K, <=50K
 <=50K, <=50K
 <=50K, <=50K
 <=50K, <=50K
 <=50K, <=50K
 <=50K, <=50K
 <=50K, <=50K
 <=50K, <=50K
 <=50K, >50K
 >50K, >50K
 <=50K, <=50K
 >50K, >50K
 >50K, >50K
 <=50K, <=50K
 <=50K, <=50K
 <=50K, <=50K
 <=50K, >50K
 <=50K, <=50K
 <=50K, <=50K
 <=50K, <=50K
 <=50K, <=50K
 <=50K, <=50K
 <=50K, <=50K
 <=50K, <=50K
 <=50K, <=50K
 <=50K, <=50K
 <=50K, <=50K
 <=50K, <=50K
 <=50K, >50K
 >50K, >50K
 <=50K, <=50K
 <=50K, <=50K
 >50K, >50K
 <=50K, <=50K
 <=50K, <=50K
 >50K, <=50K
 <=50K, <=50K
 <=50K, >50K
 <=50K, <=50K
 <=50K, <=50K
 >50K, >50K
 >50K, <=50K
 <=50K, <=50K
 >50K, >50K
 <=50K, <=50K
 <=50K, <=50K
 <=50K, <=50K
 <=50K, <=50K
 <=50K, <=50K
 >50K, >50K
 <=50K, <=50K
 >50K, <=50K
 <=50K, >50K
 <=50K, <=50K
 >50K, >50K
 <=50K, <=50K
 <=50K, <=50K
 <=50K, <=50K
 <=50K, <=50K
 >50K, <=50K
 <=50K, <=50K
 <=50K, >50K
 <=50K, >50K
 >50K, <=50K
 >50K, <=50K
 >50K, >50K
 >50K, <=50K
 <=50K, <=50K
 <=50K, <=50K
 <=50K, <=50K
 <=50K, <=50K
 <=50K, <=50K
 <=50K, <=50K
 <=50K, <=50K
 >50K, <=50K
 <=50K, <=50K
 >50K, >50K
 <=50K, <=50K
 <=50K, <=50K
 <=50K, <=50K
 <=50K, <=50K
 <=50K, <=50K
 <=50K, <=50K
 <=50K, <=50K
 <=50K, <=50K
 <=50K, <=50K
 <=50K, >50K
 <=50K, <=50K
 <=50K, <=50K
 <=50K, <=50K
 <=50K, <=50K
 <=50K, <=50K
 >50K, <=50K
 <=50K, <=50K
 <=50K, <=50K
 <=50K, >50K
 <=50K, <=50K
 <=50K, <=50K
 <=50K, <=50K
 <=50K, <=50K
 >50K, <=50K
 <=50K, <=50K
 <=50K, <=50K
 >50K, <=50K
 >50K, >50K
 <=50K, <=50K
 <=50K, <=50K
 <=50K, <=50K
 <=50K, <=50K
 <=50K, <=50K
 <=50K, <=50K
 <=50K, <=50K
 <=50K, >50K
 <=50K, <=50K
 <=50K, <=50K
 >50K, >50K
 >50K, >50K
 >50K, <=50K
 <=50K, <=50K
 <=50K, <=50K
 <=50K, <=50K
 <=50K, <=50K
 <=50K, <=50K
 <=50K, >50K
 <=50K, <=50K
 <=50K, <=50K
 <=50K, <=50K
 <=50K, <=50K
 <=50K, <=50K
 <=50K, >50K
 <=50K, <=50K
 <=50K, <=50K
 >50K, >50K
 <=50K, <=50K
 <=50K, <=50K
 <=50K, <=50K
 <=50K, <=50K
 <=50K, <=50K
 <=50K, <=50K
 >50K, <=50K
 >50K, <=50K
 <=50K, <=50K
 >50K, <=50K
 <=50K, <=50K
 <=50K, <=50K
 <=50K, <=50K
 <=50K, >50K
 <=50K, <=50K
 <=50K, <=50K
 <=50K, <=50K
 <=50K, <=50K
 <=50K, >50K
 <=50K, <=50K
 <=50K, <=50K
 <=50K, <=50K
 <=50K, <=50K
 <=50K, <=50K
 <=50K, >50K
 <=50K, <=50K
 <=50K, <=50K
 <=50K, <=50K
 <=50K, <=50K
 <=50K, <=50K
 <=50K, <=50K
 <=50K, >50K
 <=50K, <=50K
 <=50K, <=50K
 >50K, <=50K
 <=50K, <=50K
 <=50K, <=50K
 <=50K, <=50K
 <=50K, <=50K
 <=50K, <=50K
 >50K, >50K
 <=50K, >50K
 <=50K, >50K
 >50K, >50K
 <=50K, <=50K
 >50K, >50K
 <=50K, <=50K
 <=50K, <=50K
 >50K, <=50K
 >50K, >50K
 <=50K, <=50K
 >50K, <=50K
 >50K, <=50K
 <=50K, <=50K
 <=50K, <=50K
 >50K, <=50K
 >50K, >50K
 >50K, >50K
 <=50K, <=50K
 <=50K, <=50K
 >50K, >50K
 <=50K, <=50K
 <=50K, <=50K
 <=50K, <=50K
 <=50K, <=50K
 <=50K, <=50K
 >50K, <=50K
 <=50K, <=50K
 >50K, >50K
 <=50K, <=50K
 >50K, <=50K
 <=50K, <=50K
 <=50K, <=50K
 <=50K, <=50K
 >50K, <=50K
 <=50K, <=50K
 <=50K, >50K
 >50K, >50K
 <=50K, <=50K
 >50K, >50K
 <=50K, <=50K
 <=50K, <=50K
 <=50K, <=50K
 >50K, <=50K
 >50K, <=50K
 <=50K, <=50K
 >50K, >50K
 <=50K, <=50K
 <=50K, <=50K
 <=50K, <=50K
 <=50K, <=50K
 <=50K, <=50K
 <=50K, >50K
 <=50K, <=50K
 <=50K, <=50K
 >50K, >50K
 <=50K, <=50K
 <=50K, <=50K
 <=50K, >50K
 <=50K, <=50K
 >50K, >50K
 <=50K, <=50K
 >50K, >50K
 >50K, >50K
 <=50K, <=50K
 >50K, >50K
 <=50K, <=50K
 <=50K, <=50K
 <=50K, <=50K
 <=50K, <=50K
 <=50K, <=50K
 <=50K, >50K
 >50K, <=50K
 >50K, >50K
 <=50K, <=50K
 >50K, >50K
 <=50K, <=50K
 <=50K, <=50K
 >50K, >50K
 >50K, <=50K
 <=50K, <=50K
 <=50K, <=50K
 <=50K, <=50K
 <=50K, <=50K
 <=50K, <=50K
 <=50K, <=50K
 >50K, >50K
 <=50K, <=50K
 <=50K, <=50K
 <=50K, <=50K
 <=50K, <=50K
 <=50K, >50K
 <=50K, <=50K
 >50K, <=50K
 >50K, <=50K
 <=50K, <=50K
 <=50K, <=50K
 <=50K, <=50K
 <=50K, <=50K
 <=50K, >50K
 <=50K, <=50K
 >50K, >50K
 <=50K, <=50K
 <=50K, <=50K
 <=50K, <=50K
 <=50K, <=50K
 >50K, >50K
 <=50K, <=50K
 >50K, >50K
 <=50K, <=50K
 <=50K, <=50K
 <=50K, <=50K
 <=50K, <=50K
 <=50K, <=50K
 >50K, <=50K
 <=50K, <=50K
 <=50K, >50K
 <=50K, <=50K
 >50K, >50K
 >50K, >50K
 <=50K, <=50K
 <=50K, <=50K
 >50K, <=50K
 >50K, >50K
 <=50K, <=50K
 <=50K, <=50K
 <=50K, <=50K
 <=50K, <=50K
 <=50K, >50K
 <=50K, <=50K
 <=50K, <=50K
 <=50K, <=50K
 <=50K, <=50K
 >50K, <=50K
 <=50K, <=50K
 >50K, >50K
 <=50K, <=50K
 <=50K, <=50K
 <=50K, <=50K
 <=50K, <=50K
 <=50K, <=50K
 <=50K, <=50K
 <=50K, <=50K
 <=50K, <=50K
 <=50K, <=50K
 >50K, <=50K
 <=50K, >50K
 <=50K, <=50K
 >50K, <=50K
 <=50K, <=50K
 <=50K, <=50K
 <=50K, <=50K
 <=50K, <=50K
 <=50K, <=50K
 <=50K, >50K
 >50K, >50K
 <=50K, >50K
 <=50K, <=50K
 <=50K, <=50K
 >50K, <=50K
 <=50K, <=50K
 >50K, <=50K
 <=50K, <=50K
 <=50K, <=50K
 <=50K, <=50K
 <=50K, <=50K
 <=50K, <=50K
 <=50K, <=50K
 <=50K, <=50K
 <=50K, <=50K
 <=50K, <=50K
 <=50K, <=50K
 <=50K, <=50K
 <=50K, <=50K
 <=50K, <=50K
 <=50K, <=50K
 <=50K, <=50K
 <=50K, <=50K
 >50K, >50K
 <=50K, <=50K
 >50K, >50K
 <=50K, <=50K
 >50K, >50K
 <=50K, <=50K
 <=50K, <=50K
 <=50K, <=50K
 <=50K, >50K
 <=50K, <=50K
 <=50K, >50K
 <=50K, <=50K
 <=50K, <=50K
 <=50K, >50K
 <=50K, <=50K
 <=50K, <=50K
 <=50K, >50K
 <=50K, <=50K
 <=50K, <=50K
 <=50K, <=50K
 <=50K, <=50K
 <=50K, <=50K
 <=50K, <=50K
 <=50K, <=50K
 <=50K, <=50K
 <=50K, <=50K
 <=50K, <=50K
 <=50K, <=50K
 <=50K, <=50K
 <=50K, >50K
 <=50K, <=50K
 <=50K, <=50K
 <=50K, <=50K
 <=50K, <=50K
 <=50K, <=50K
 >50K, <=50K
 <=50K, <=50K
 >50K, >50K
 <=50K, <=50K
 <=50K, <=50K
 <=50K, <=50K
 >50K, >50K
 <=50K, <=50K
 <=50K, <=50K
 <=50K, <=50K
 >50K, >50K
 <=50K, <=50K
 >50K, <=50K
 >50K, >50K
 <=50K, <=50K
 >50K, >50K
 >50K, >50K
 <=50K, <=50K
 <=50K, <=50K
 <=50K, <=50K
 <=50K, >50K
 <=50K, <=50K
 <=50K, <=50K
 <=50K, <=50K
 >50K, >50K
 >50K, <=50K
 <=50K, >50K
 <=50K, <=50K
 <=50K, <=50K
 <=50K, <=50K
 <=50K, <=50K
 <=50K, <=50K
 <=50K, <=50K
 <=50K, <=50K
 >50K, <=50K
 >50K, >50K
 <=50K, <=50K
 <=50K, <=50K
 <=50K, <=50K
 >50K, <=50K
 <=50K, <=50K
 <=50K, <=50K
 <=50K, <=50K
 <=50K, <=50K
 <=50K, <=50K
 <=50K, >50K
 <=50K, >50K
 <=50K, <=50K
 <=50K, <=50K
 <=50K, <=50K
 <=50K, >50K
 >50K, <=50K
 <=50K, >50K
 <=50K, <=50K
 >50K, <=50K
 <=50K, <=50K
 >50K, >50K
 <=50K, <=50K
 <=50K, <=50K
 >50K, <=50K
 >50K, <=50K
 <=50K, <=50K
 <=50K, <=50K
 <=50K, >50K
 <=50K, <=50K
 >50K, <=50K
 >50K, <=50K
 <=50K, <=50K
 <=50K, <=50K
 <=50K, <=50K
 <=50K, <=50K
 <=50K, <=50K
 <=50K, <=50K
 >50K, <=50K
 <=50K, >50K
 >50K, >50K
 >50K, <=50K
 <=50K, <=50K
 >50K, <=50K
 <=50K, <=50K
 >50K, <=50K
 <=50K, <=50K
 >50K, >50K
 <=50K, <=50K
 <=50K, <=50K
 <=50K, >50K
 <=50K, <=50K
 <=50K, <=50K
 <=50K, >50K
 >50K, <=50K
 <=50K, <=50K
 <=50K, <=50K
 >50K, <=50K
 <=50K, <=50K
 <=50K, <=50K
 <=50K, >50K
 <=50K, <=50K
 >50K, <=50K
 <=50K, <=50K
 >50K, <=50K
 <=50K, <=50K
 <=50K, <=50K
 <=50K, <=50K
 <=50K, <=50K
 <=50K, <=50K
 >50K, <=50K
 <=50K, >50K
 <=50K, <=50K
 <=50K, <=50K
 >50K, >50K
 <=50K, <=50K
 <=50K, <=50K
 <=50K, <=50K
 <=50K, <=50K
 <=50K, <=50K
 <=50K, >50K
 >50K, >50K
 >50K, <=50K
 <=50K, >50K
 <=50K, <=50K
 <=50K, <=50K
 >50K, <=50K
 <=50K, <=50K
 <=50K, <=50K
 <=50K, <=50K
 <=50K, <=50K
 <=50K, >50K
 <=50K, <=50K
 <=50K, <=50K
 <=50K, <=50K
 <=50K, <=50K
 <=50K, <=50K
 <=50K, <=50K
 <=50K, <=50K
 <=50K, >50K
 <=50K, <=50K
 <=50K, >50K
 >50K, >50K
 <=50K, <=50K
 <=50K, <=50K
 >50K, <=50K
 <=50K, <=50K
 <=50K, <=50K
 <=50K, <=50K
 <=50K, >50K
 <=50K, <=50K
 <=50K, <=50K
 <=50K, <=50K
 <=50K, <=50K
 <=50K, <=50K
 <=50K, <=50K
 >50K, <=50K
 >50K, <=50K
 <=50K, <=50K
 <=50K, <=50K
 <=50K, >50K
 <=50K, <=50K
 <=50K, <=50K
 <=50K, <=50K
 <=50K, <=50K
 <=50K, <=50K
 <=50K, <=50K
 <=50K, <=50K
 >50K, <=50K
 <=50K, <=50K
 <=50K, <=50K
 <=50K, <=50K
 <=50K, <=50K
 <=50K, <=50K
 >50K, <=50K
 <=50K, <=50K
 >50K, >50K
 <=50K, <=50K
 <=50K, <=50K
 <=50K, <=50K
 <=50K, >50K
 <=50K, >50K
 <=50K, <=50K
 <=50K, <=50K
 <=50K, <=50K
 <=50K, <=50K
 <=50K, >50K
 <=50K, <=50K
 <=50K, <=50K
 >50K, >50K
 <=50K, <=50K
 >50K, <=50K
 <=50K, <=50K
 <=50K, <=50K
 >50K, <=50K
 <=50K, <=50K
 <=50K, <=50K
 >50K, <=50K
 <=50K, <=50K
 >50K, <=50K
 <=50K, <=50K
 <=50K, >50K
 >50K, <=50K
 <=50K, <=50K
 >50K, <=50K
 <=50K, <=50K
 >50K, <=50K
 <=50K, <=50K
 <=50K, <=50K
 >50K, <=50K
 <=50K, <=50K
 <=50K, <=50K
 <=50K, <=50K
 <=50K, <=50K
 <=50K, >50K
 <=50K, <=50K
 >50K, >50K
 >50K, >50K
 >50K, >50K
 <=50K, <=50K
 <=50K, <=50K
 >50K, <=50K
 <=50K, <=50K
 >50K, >50K
 >50K, >50K
 <=50K, <=50K
 <=50K, <=50K
 <=50K, <=50K
 >50K, <=50K
 <=50K, <=50K
 <=50K, <=50K
 <=50K, <=50K
 <=50K, <=50K
 <=50K, <=50K
 <=50K, <=50K
 <=50K, <=50K
 <=50K, <=50K
 <=50K, <=50K
 <=50K, <=50K
 <=50K, <=50K
 <=50K, <=50K
 <=50K, <=50K
 <=50K, <=50K
 <=50K, <=50K
 <=50K, >50K
 <=50K, <=50K
 <=50K, <=50K
 <=50K, <=50K
 <=50K, <=50K
 <=50K, >50K
 <=50K, <=50K
 <=50K, <=50K
 <=50K, <=50K
 <=50K, <=50K
 >50K, >50K
 <=50K, <=50K
 >50K, >50K
 >50K, >50K
 <=50K, <=50K
 <=50K, <=50K
 <=50K, <=50K
 <=50K, <=50K
 <=50K, <=50K
 <=50K, <=50K
 <=50K, <=50K
 >50K, <=50K
 <=50K, <=50K
 >50K, >50K
 >50K, >50K
 <=50K, <=50K
 >50K, <=50K
 <=50K, >50K
 <=50K, <=50K
 <=50K, <=50K
 <=50K, <=50K
 <=50K, <=50K
 <=50K, <=50K
 >50K, <=50K
 >50K, <=50K
 <=50K, <=50K
 <=50K, <=50K
 >50K, >50K
 <=50K, <=50K
 <=50K, <=50K
 >50K, >50K
 <=50K, <=50K
 <=50K, <=50K
 >50K, <=50K
 <=50K, <=50K
 <=50K, <=50K
 <=50K, <=50K
 <=50K, <=50K
 <=50K, <=50K
 <=50K, <=50K
 <=50K, <=50K
 <=50K, <=50K
 <=50K, <=50K
 >50K, >50K
 <=50K, >50K
 >50K, >50K
 <=50K, <=50K
 >50K, >50K
 <=50K, >50K
 <=50K, <=50K
 >50K, <=50K
 >50K, <=50K
 <=50K, <=50K
 <=50K, <=50K
 <=50K, <=50K
 <=50K, <=50K
 <=50K, <=50K
 <=50K, <=50K
 <=50K, <=50K
 <=50K, <=50K
 <=50K, <=50K
 >50K, <=50K
 >50K, >50K
 <=50K, <=50K
 <=50K, <=50K
 <=50K, <=50K
 <=50K, <=50K
 <=50K, <=50K
 <=50K, <=50K
 <=50K, <=50K
 <=50K, <=50K
 >50K, <=50K
 <=50K, >50K
 <=50K, <=50K
 >50K, <=50K
 <=50K, <=50K
 <=50K, <=50K
 <=50K, <=50K
 <=50K, <=50K
 <=50K, <=50K
 <=50K, <=50K
 >50K, <=50K
 <=50K, <=50K
 <=50K, <=50K
 <=50K, <=50K
 <=50K, <=50K
 <=50K, <=50K
 <=50K, <=50K
 <=50K, <=50K
 <=50K, <=50K
 <=50K, <=50K
 <=50K, <=50K
 <=50K, >50K
 <=50K, <=50K
 <=50K, <=50K
 <=50K, <=50K
 <=50K, <=50K
 <=50K, <=50K
 <=50K, <=50K
 <=50K, <=50K
 <=50K, <=50K
 <=50K, <=50K
 <=50K, <=50K
 <=50K, <=50K
 <=50K, <=50K
 <=50K, <=50K
 <=50K, <=50K
 <=50K, <=50K
 <=50K, <=50K
 <=50K, <=50K
 <=50K, >50K
 <=50K, <=50K
 >50K, <=50K
 <=50K, <=50K
 <=50K, <=50K
 >50K, >50K
 <=50K, <=50K
 <=50K, <=50K
 >50K, >50K
 <=50K, <=50K
 <=50K, <=50K
 <=50K, <=50K
 >50K, <=50K
 <=50K, <=50K
 <=50K, <=50K
 <=50K, <=50K
 <=50K, <=50K
 <=50K, <=50K
 >50K, >50K
 >50K, <=50K
 <=50K, <=50K
 <=50K, <=50K
 <=50K, <=50K
 <=50K, <=50K
